coal_type,coal_stock_days,coal_usage_per_day_mt,coal_price_per_ton,contract_type,hazard_event,maintenance_event,critical_maintenance_duration_days,power_plant_rating_mw,boiler_efficiency_factor,coal_usage_if_boiler_issue_mt,minimum_coal_yard_mt,transport_cost_per_ton,total_coal_cost_per_day
Lignite,25,1836.5231643140567,3268.3979562630057,Fixed Quantity,0,0,5,137.05019322054687,0.6782447086746299,65255.01304193004,25958.948415856074,334.72355424046276,6617216.117877874
Anthracite,27,3318.599737886954,2701.596892884396,Variable Quantity,0,0,7,399.3537398704925,0.7641754833678952,57055.9342720649,43501.61659987515,373.2839241911401,10204298.673580496
Bituminous,5,2366.25284182618,3307.447934350541,Long Term,0,1,6,465.81946553942356,0.6870540710766647,61925.80810912088,47277.58083310977,371.27211612564344,8704781.77372222
Lignite,7,3149.0536668562804,3478.369819626718,Spot Purchase,0,0,10,273.60838908350354,0.7057286126230073,46985.88743585318,31106.9655705373,299.72800765230954,11897432.816734767
Lignite,22,2840.4766359342884,2986.7056457872486,Spot Purchase,0,0,1,203.4846568621764,0.6937419600647167,51837.28117746465,42538.367731213,294.6599541989407,9320642.32071927
Anthracite,29,3339.064423796615,1629.972818965788,Fixed Quantity,0,0,2,273.7613276026439,0.6865675559737634,66552.978994109,46909.85868093233,231.98708568097936,6217204.076141759
Bituminous,14,2601.2019556411256,2303.1604728509747,Variable Quantity,0,0,0,389.3791271400004,0.8151421903121334,78612.108945216,45383.72631590695,310.0394961938805,6797460.869960806
Bituminous,26,3790.670294787727,3175.651470566491,Spot Purchase,0,1,8,103.6216646321484,0.7071415135321781,42016.67094408837,25484.40165617678,229.8484006618894,12909127.20076885
Lignite,7,1720.2690893971942,1961.138391610038,Variable Quantity,0,0,12,335.78159579387886,0.8354247563728898,75615.37283421063,48688.75644540084,429.9787834136155,4113364.965319932
Sub-bituminous,12,3786.0058649083157,3161.2850355012492,Variable Quantity,0,0,6,345.3166739549516,0.8439853050690381,63075.24805244834,31300.293212883873,489.88228932445577,13823340.905551724
Lignite,18,2646.6448574301126,1740.677524069992,Fixed Quantity,0,1,0,355.0752987583742,0.7642520939874194,62556.782670224944,30177.219835215088,491.02233700001204,5906516.960628422
Lignite,28,4497.270419417669,1593.890714295626,Spot Purchase,0,0,2,196.8088319923509,0.6786002245331453,60011.14140831042,21872.93981833341,459.52132981261815,9234749.244843975
Lignite,22,3060.9442194568433,2268.181222982499,Fixed Quantity,1,0,3,385.6210893512507,0.7249096486759162,42775.76343616733,34585.20962314649,380.2376448018857,8106662.4240450505
Lignite,19,4892.441397080417,1573.4638748532273,Fixed Quantity,0,0,3,136.55659453271056,0.8095464526696428,43595.074069446426,23270.408469227863,410.25970917316397,9705251.382855449
Anthracite,26,3407.741582163841,3414.5405259666513,Spot Purchase,0,1,4,179.70813458672032,0.7234781457394142,64036.48022636345,27456.19462782278,285.5617408041242,12608992.352733457
Bituminous,27,1895.3962636252822,3152.4113915879316,Spot Purchase,0,0,13,450.98801866179275,0.6674034436605578,53638.342857422336,29508.278653018442,389.2311260517862,6712815.995030759
Anthracite,6,4287.162547377797,3101.53937425975,Long Term,1,0,2,395.48926029062653,0.7613569821856376,76690.72266310723,44264.789704750525,336.69486483196323,14740269.05894599
Anthracite,14,2380.330511289547,2759.555845992306,Long Term,0,0,2,105.4982216045381,0.8190241702992069,56263.621494378895,46264.6595118769,344.60520193307974,7388929.254333328
Anthracite,6,2390.476857930734,1932.648046073107,Variable Quantity,0,0,0,199.35050414792008,0.8091852774287005,45731.25834810564,29073.98952384409,427.3329681125474,5641479.999566709
Lignite,21,1127.2187259406605,2536.520733352784,Spot Purchase,1,0,6,185.76259319726583,0.6850246280260707,68588.75334008144,45760.943637337215,284.5755066791755,3179992.5094448132
Sub-bituminous,12,3194.8612368296344,2694.548144860682,Long Term,0,0,10,208.32253121478902,0.7845529228824933,51734.13685764039,45716.92812109373,295.41188350835597,9552507.394306274
Bituminous,5,3137.694014930092,2550.0630017205362,Variable Quantity,0,0,9,199.02390811195457,0.6941008526871294,61018.81229423573,42939.5285115462,477.392537338591,9499229.125372779
Sub-bituminous,13,2423.9659370879444,2020.4667359030545,Variable Quantity,0,1,13,125.0105182971383,0.6936415069104345,67913.3114202068,24400.853420455445,216.86728845529169,5423221.464932521
Anthracite,15,4576.8690515837025,2530.4958486294518,Variable Quantity,0,0,0,283.57620663872814,0.824814354661037,76010.56444808282,40709.68540702187,345.6902895240021,13163927.322308589
Anthracite,26,1514.9935931985756,2482.372681737253,Long Term,1,1,1,393.09338991446606,0.699933790548046,71687.64779206704,48350.72193741707,473.8402401223585,4478643.636748153
Sub-bituminous,20,2320.3980532406217,3492.6715516134486,Spot Purchase,0,1,12,342.69268988697456,0.7026494693036023,67054.44271490896,40476.21436301471,383.10890234544706,8993353.420154274
Sub-bituminous,11,2286.331058720116,3294.872296092408,Fixed Quantity,0,1,3,369.14866743923193,0.6501306781522599,67185.32729580574,29948.505473235018,363.9221222636396,8365215.3161592325
Sub-bituminous,14,1369.1623449149843,2426.7614964312397,Variable Quantity,0,0,12,132.45967141449566,0.8241338068251035,77836.98576128346,35017.37952292494,274.92325376880655,3699045.027804949
Anthracite,27,2924.5815762251727,2745.8747658702373,Long Term,0,0,3,480.5962840707149,0.808518962641827,51832.96389986144,39371.751300531614,302.98264671933447,8916632.217397012
Anthracite,7,3751.138868384332,2995.743208184457,Long Term,0,0,4,435.3967335372099,0.7754657870181356,40044.483767847494,35317.11226185511,455.6145247414079,12946522.140677042
Bituminous,22,3046.6280541890446,1569.7303204676498,Fixed Quantity,0,0,10,422.0361273982651,0.8000531527877685,50878.18237592795,23598.588251929094,367.76543953053744,5902828.937282802
Bituminous,29,1627.910730864775,3289.8428824556795,Fixed Quantity,0,0,1,429.193522016707,0.6804097134848984,48715.65518506976,29361.92133956062,354.42265812703397,5932538.97963532
Anthracite,28,2509.14386096829,3220.2536328358474,Long Term,0,1,3,473.08420325310453,0.7416647189175151,66473.38340455992,44071.88091660898,229.87391406200868,8656866.353856342
Sub-bituminous,17,1010.3800975345862,2414.8641955474145,Spot Purchase,0,1,0,317.70158644547905,0.7202438774697562,65348.46399062117,45842.54138286552,204.80844693653694,2646865.100021622
Sub-bituminous,11,4473.204428142348,2282.3395321607595,Fixed Quantity,0,0,1,180.11280714705038,0.6687553052514034,63738.45530818895,24119.000981467107,489.10555660611476,12397240.443425344
Bituminous,29,1338.0680307227276,2045.91874971263,Long Term,0,0,0,346.71344314101646,0.7472260970429848,40649.737728378146,48571.60257196174,313.0958501860525,3156522.020132593
Anthracite,8,3389.1123290217224,2453.3536566607368,Fixed Quantity,0,1,9,397.1525974671756,0.834147930068527,69151.1221780259,29864.678535458283,380.96391862985126,9605820.638780287
Bituminous,17,4945.02798346726,1588.7533270664735,Spot Purchase,1,0,9,395.16695734161016,0.6580118238101389,52941.216499419665,39869.4121619216,223.9145219561855,8963693.238148456
Bituminous,24,3146.36258394933,3204.3870666940156,Variable Quantity,0,0,12,308.57960966675205,0.7082921826987588,66602.23956026524,42554.75437870044,404.93428571691396,11356233.656675143
Lignite,5,4696.167036429732,1570.84473683709,Fixed Quantity,0,1,3,127.38348773343122,0.6915081872411407,62263.13714008613,44358.387039136505,479.7700126117883,9630029.390778437
Lignite,12,1944.4661324696172,2158.102730739742,Spot Purchase,0,0,3,248.44517537205112,0.6976293307331393,53709.23701711629,48372.491066777904,372.6995758992259,4921059.373235459
Lignite,18,4039.8216357503425,3363.1789766379798,Long Term,0,0,6,468.3066433853429,0.831686910375875,45383.05068416431,29387.586440864678,237.83459671262318,14547452.54425242
Sub-bituminous,20,3125.0630158941362,2970.4253090469056,Fixed Quantity,0,0,9,333.7795639029704,0.7436138108468581,43776.75590641924,45755.19363654664,374.51645824204303,10453153.807274263
Anthracite,18,3882.0642455658594,2062.7819211550536,Fixed Quantity,0,1,10,315.33277730228536,0.7432598825879637,73260.73332448895,23950.60710308621,429.9041639313957,9676767.526333643
Anthracite,16,1249.3654500449659,2005.2981879217702,Long Term,0,0,10,207.5414057528774,0.8021151284910565,76735.90168326232,41151.22719060778,321.9249609722056,2907552.196772985
Anthracite,23,1590.9563676249068,1510.164279636052,Variable Quantity,0,0,8,247.37956796663156,0.6808984408009852,65991.52187057197,42259.331885419575,463.95132438244036,3140731.790640909
Anthracite,27,1532.467714349913,2891.4285856995,Long Term,0,0,8,458.1384356612677,0.7474530708200101,44137.364594419334,40331.69723603962,394.6048860072093,5035740.20366369
Lignite,19,3748.662021613324,1597.5671633463462,Fixed Quantity,0,0,4,366.5852190107343,0.735997042824212,56081.08867552963,27569.44208405459,469.77467548676077,7749765.836925922
Sub-bituminous,6,4377.762690534515,2565.205038801524,Long Term,0,0,9,414.95481070093314,0.7693821381093312,69157.56800420629,46191.2944104561,387.05159337420116,12924278.93722197
Sub-bituminous,6,3998.4649280343497,3424.2439451840996,Spot Purchase,1,1,0,281.73816922706203,0.8499115406500877,71192.83536040272,25065.75390111185,239.38639160144726,14648897.410919683
Lignite,27,1121.8886109343766,1718.9377201089078,Long Term,0,0,0,352.0988877824632,0.8038897788164094,44728.744891643546,21609.043745624924,292.90751333155674,2257066.2543594697
Sub-bituminous,26,4468.859924298893,3288.959861936135,Fixed Quantity,0,1,5,199.35344349728302,0.7295731406034854,40001.228753815296,41523.94971835737,260.53848447573705,15862210.911645206
Lignite,23,2416.5866831725016,3482.9506702900962,Long Term,0,0,1,382.18433211339453,0.8155106104548093,68485.4818352242,34264.27145698201,472.64794931505867,9559046.948113346
Anthracite,29,2588.65533001633,1623.0340524784701,Variable Quantity,1,0,7,271.04053348133493,0.684141672662496,54263.84703944823,45472.94059876028,428.1200201862448,5309730.922888217
Lignite,26,1419.4766661299236,3265.8125382749226,Long Term,0,0,12,277.0182059258982,0.6560927372617921,50179.25326473041,31501.914231747767,402.9195106730018,5207679.537764603
Anthracite,26,3949.6208243752762,2532.1580408872333,Variable Quantity,1,0,8,359.7289298307527,0.6908896744928547,40515.898791581014,25048.357655231383,290.2898958894865,11147599.146808365
Anthracite,21,1729.1355139038324,3313.0274388891603,Spot Purchase,0,0,12,474.51224858757064,0.7180823112228519,61611.976270459985,45093.26577409609,255.21343161506405,6169972.01135198
Bituminous,24,3255.8603680753454,2642.6378838391483,Variable Quantity,0,0,3,125.60253864344837,0.752116151491912,74046.02941703927,36467.28894920215,426.93532639667353,9994101.762112623
Lignite,14,4362.839943511724,2824.2240202131293,Long Term,1,0,4,429.89729493880304,0.7730258281082399,78305.26585090352,25675.87377171065,342.24738376372386,13814807.921257865
Bituminous,10,1356.8173148482247,2587.5578159947986,Fixed Quantity,0,0,10,216.95324416487725,0.8321211434428843,62629.79802453157,41611.51995759337,267.73686564518874,3874113.263043184
Lignite,19,3141.342256062094,3228.985760614697,Variable Quantity,0,0,7,277.56778180255117,0.7519708019100916,60578.453109595765,35333.40915468502,384.98659344958253,11352724.06806232
Lignite,26,1932.865646199205,2967.819837907404,Spot Purchase,0,1,2,108.76533151000358,0.7502551289251459,43402.25541956964,38129.38946720959,212.1001556415356,6146358.113192743
Bituminous,15,2371.707457113041,2542.52062436083,Variable Quantity,1,1,4,220.41843113372522,0.6600486019645965,61954.91206170399,33826.95014619746,297.851076238476,6736530.743284224
Bituminous,9,2895.879765722225,3236.321608103094,Variable Quantity,0,0,2,301.0524970520522,0.6569823105312448,55199.16315861579,44861.269514540196,340.56709837734036,10358239.629337033
Lignite,5,2420.417213117219,1990.5710645106692,Variable Quantity,0,0,11,122.4704309389756,0.7602319923832744,64285.411235343076,44886.8814704915,244.38750023282176,5409532.1807089
Sub-bituminous,12,3595.291361166304,1814.681319405052,Spot Purchase,0,0,9,296.43829175326607,0.7376357226496689,55549.05391506187,41281.66465473159,495.39634327725184,8305402.264264933
Anthracite,25,2918.3284070170007,1820.8002106601443,Long Term,0,0,2,470.84425154337094,0.8178360789960597,49611.96493801467,23162.041321893867,262.7292093768843,6080423.093349717
Bituminous,16,3336.797938856677,2168.0177574904756,Variable Quantity,0,0,2,142.15728724312208,0.6821359169423691,43798.61100913506,45165.615857122066,239.10593901297966,8032085.389065794
Anthracite,16,3947.2899015796515,1977.380062602035,Variable Quantity,1,1,12,405.77629123020176,0.65499433242341,52596.73778355583,40130.389415987294,261.06046216606893,8835773.678703792
Sub-bituminous,9,3230.9690638017496,3360.180701019477,Fixed Quantity,1,0,11,263.86842135039706,0.7398077535860251,43865.79337151009,40910.72498012899,430.7183399479173,12248277.525361372
Sub-bituminous,11,3346.141738643036,1711.668187657168,Spot Purchase,1,0,6,362.0694858097352,0.6974957113504515,47075.87803295936,30889.48521211615,327.65169778155285,6823853.387111238
Sub-bituminous,8,3257.8341700905653,2897.981476079175,Variable Quantity,0,1,14,204.09463919409174,0.6599228746677676,79493.44634318183,46378.3866847102,369.6247819257614,10645319.32173025
Bituminous,10,2515.0905038051574,1878.4430795700118,Spot Purchase,0,0,6,163.79690501654332,0.7949196573695257,57764.14227626474,41761.148007045726,206.30274709590822,5243324.431494888
Sub-bituminous,17,2349.7873354876724,3263.2742655407,Variable Quantity,0,1,6,164.18504570849058,0.6723185999914495,61274.87066020066,23377.713995875834,210.32939257199436,8162229.88433686
Bituminous,24,4598.589588580049,3422.6305763698147,Long Term,0,0,9,128.19677825725785,0.7716639000015544,74944.7411494886,32233.34103218488,333.74766494810484,17274041.87129322
Sub-bituminous,19,3430.220889174291,2430.940017539967,Long Term,0,0,7,174.2586819604972,0.7062099500333778,79822.75601962752,46591.41085880425,444.9965729604871,9865097.768675346
Anthracite,7,1977.412621858618,3258.1429604562636,Variable Quantity,1,0,4,365.6877539955873,0.6846992100710044,63308.577973787265,21415.90105092137,465.57166361226956,7363320.297832636
Anthracite,27,2992.9907913957604,1510.2903415094295,Long Term,0,0,4,452.67624473740324,0.7259503045838636,72498.95284176686,48842.498589261486,226.01197027869208,5196736.830261018
Lignite,12,2321.393925123656,3139.8938348162,Variable Quantity,0,1,13,425.6502742364647,0.8102891552445908,53077.64097346701,40374.87704958688,361.50893063030685,8128135.109118692
Anthracite,24,4734.767295039499,1957.250323049847,Long Term,0,0,3,374.05372394979366,0.7284187153809145,52229.75829789165,38941.279329301295,473.96890588378113,11511257.292226091
Lignite,20,1030.137452536299,3317.4026185387356,Fixed Quantity,0,1,6,144.17274536444108,0.8001539298422111,56108.14883978241,28116.777694639743,316.3918263193659,3743307.7524666796
Anthracite,17,1901.3311908501128,1502.240222960219,Fixed Quantity,0,0,9,215.67497851837993,0.6750972593598301,66900.29050694597,27463.75366217531,448.86974942851054,3709706.247281394
Bituminous,22,2461.4272786962306,2612.3634700795137,Fixed Quantity,0,0,3,223.9227501289876,0.8045542839330158,67287.66757020395,48261.74658465786,240.10869631983087,7021152.80209708
Anthracite,14,2951.2392032349517,3013.271607569869,Spot Purchase,0,0,14,199.98277855904848,0.6973866649813297,52609.57738597803,28948.17362702368,480.6183469003396,10311305.00542126
Lignite,23,4403.270071344585,2017.376661395816,Spot Purchase,0,0,1,306.0022638838892,0.7854786259777745,45328.396965465145,43265.15890156999,425.42699525939076,10756324.231520984
Lignite,21,1351.5504981605754,1886.265729174586,Fixed Quantity,0,1,3,314.221525951869,0.7631563109681992,65295.85025862034,31793.653946212376,482.4003178360705,3201371.775813294
Sub-bituminous,28,4223.459546964574,1668.1964489359693,Spot Purchase,0,0,12,242.75439006844408,0.8358289434423375,45133.03448755058,24177.62212354112,402.98517006575196,8747551.782270363
Bituminous,23,1222.6139574279014,2152.867153006586,Long Term,0,0,12,241.5156634945744,0.7274645035950629,63139.7003291732,20321.45893086077,309.0211795998281,3009939.037073505
Anthracite,27,4369.256141192726,2619.688624617659,Variable Quantity,0,0,7,431.42223916243256,0.6632330377668881,67736.88512225237,36327.72011045752,481.45435175741676,13549687.99424349
Sub-bituminous,9,1206.5419114980514,1731.6877135605152,Variable Quantity,0,0,8,415.71713932787424,0.6538310971102506,68024.45985577807,49273.364556467975,282.6700328927535,2430407.045846634
Anthracite,25,1072.9699257134441,2253.3907239735977,Variable Quantity,0,0,2,223.11833267229827,0.8153717121945506,70138.88442638387,31074.085814276135,299.65175661851976,2739337.8007441913
Anthracite,27,3787.845849465686,1518.1448093054498,Fixed Quantity,0,0,6,465.5153775493037,0.7549471275322864,74914.37686262658,30715.770019791344,410.2425254005221,7304433.961928212
Sub-bituminous,13,4989.022139073577,3137.3588409996837,Spot Purchase,0,1,13,481.1260068010024,0.8050488103669898,59998.359678591536,30322.74853548326,429.59488985761584,17795611.13229816
Sub-bituminous,16,4586.441051896083,1756.8974361863827,Long Term,1,0,11,230.69701681201633,0.696885120002303,69209.96758118285,35616.31511914575,478.8210451547462,10253991.023305722
Sub-bituminous,25,3303.99367122264,2066.685896531163,Long Term,0,0,13,241.76997951722194,0.7190167491026468,64766.90941463347,33219.94650272881,261.44072271686287,7692115.615800439
Sub-bituminous,5,4669.582452342127,1536.8554374764349,Fixed Quantity,0,0,8,302.2536613687835,0.6560207744422638,47465.5975919073,46397.43880181044,439.3994105657672,9228284.959773922
Sub-bituminous,5,1021.2000255904217,2364.4815677850247,Long Term,0,0,10,476.4483250134694,0.8422984649148224,41027.58579477633,35165.62375170471,421.563816019089,2845109.6172368373
Anthracite,19,4900.2686517805705,3180.2430054824376,Long Term,0,1,3,450.5277732569246,0.7835735813401626,51381.65542707735,35232.73514565706,219.13836687607937,16657881.974415256
Sub-bituminous,6,2962.995117035138,2284.3024228903932,Long Term,0,0,9,141.02718503343593,0.8366410175518613,57721.34825350478,24151.147841616697,316.1669423630621,7705178.031245452
Bituminous,26,3891.5843864871026,1858.994646847667,Long Term,0,0,14,257.09229730856646,0.7030992814858145,64684.23777714625,49482.186227311584,284.8296371180296,8342873.110852797
Lignite,20,4283.44589261341,3007.397668101038,Spot Purchase,0,0,2,321.34847589990875,0.7722927222451321,73998.37322012821,27499.18672606489,291.34712730620913,14129994.844667038
Sub-bituminous,29,3873.8290833462147,3077.6139637414885,Long Term,0,0,4,301.25298902061604,0.7856999936585276,47849.82866824663,22200.92202378808,494.88406386641026,13839246.759544466
Sub-bituminous,12,3140.146928179642,1847.5069506151335,Variable Quantity,0,0,0,177.5452271747571,0.7135099400515177,45021.991595939086,39894.38746925627,392.83322404397836,7034997.317533253
Anthracite,17,2906.477936505648,3041.7082170819795,Fixed Quantity,0,1,2,443.52670846726187,0.819621847003126,78539.1978989731,37860.991104706176,415.3028473380499,10047726.38499272
Sub-bituminous,25,4354.330234810499,3394.595776512676,Spot Purchase,0,1,14,370.77631319873495,0.8394322925800495,44321.78237505628,32454.369619782374,492.98529119450274,16927811.78339425
Sub-bituminous,5,1820.3102405978366,1832.7551738645448,Long Term,0,1,7,435.16334994072145,0.8269710235392008,59139.64280428756,32665.76701642034,313.16053473729164,3906232.3398276856
Sub-bituminous,20,4871.976266016937,3041.968585064271,Spot Purchase,0,0,10,443.50571173978886,0.7978133951878745,63422.54915173208,43551.917631392935,440.5520505358418,16966757.882557966
Anthracite,11,3843.809915346993,2917.144009205259,Long Term,0,0,7,399.3423414662959,0.7054929359449909,61654.97683629753,25871.379202989472,330.35928899134865,12482785.377730183
Sub-bituminous,9,1798.027709353279,2447.147776870177,Variable Quantity,0,0,14,275.6842404998869,0.7063232084211264,43441.28628131773,44607.59956834669,460.86010154449394,5228678.74440722
Lignite,26,3944.9887347939525,1615.8409211175965,Fixed Quantity,1,0,12,344.2187020061698,0.8426720640892076,42281.07656014478,39462.41341685054,254.19726239339096,7377279.567585392
Anthracite,27,3119.3600927244665,1649.388835515708,Long Term,0,1,3,164.14616244789727,0.6520568991871384,44219.33709844143,32569.09321338573,484.3058531192839,6655762.061786151
Lignite,7,3828.920382577778,3204.8293183972955,Long Term,1,0,1,369.4581669899631,0.7932099946484289,63423.507354904505,33740.85849751606,265.6315125232639,13288118.212449543
Anthracite,16,4071.118005771355,3480.296745501294,Long Term,0,1,12,171.7013022957123,0.7912492325110524,61773.795505372844,27699.416215582874,297.86615209427947,15381347.001138616
Sub-bituminous,20,1349.1607183587018,2852.104514373509,Long Term,0,1,7,377.5798362040627,0.7745379081899595,49349.63168146977,42563.42998090925,426.85767023203414,4423846.976453433
Lignite,23,3024.415825437388,2391.916614020643,Fixed Quantity,0,0,7,191.83926430158746,0.8480217692173732,65510.965673823666,35386.24226915803,318.126542469622,8196297.41010745
Anthracite,9,4728.057369027736,2795.1472868038154,Fixed Quantity,0,0,9,147.020520060088,0.712375887152745,72802.70008222597,29625.63628249531,382.46341302993403,15023925.685250342
Bituminous,26,2282.568768638057,2688.7917184570906,Variable Quantity,0,0,3,166.11379605718298,0.7179943727586496,41663.15839386375,37881.50347282851,333.3720503208285,6898296.632321965
Sub-bituminous,29,3375.5323902315954,2267.2245208112436,Fixed Quantity,0,0,2,100.7968540876281,0.6657878805893112,59925.1977419217,49872.03356153969,422.71098112693454,9079964.414426206
Anthracite,18,2476.921926039585,1631.252289148026,Long Term,0,1,1,387.49584714141207,0.7385596273087475,67572.41648410761,33057.86838969662,268.49937571058325,4705536.552718494
Bituminous,9,2817.0718888763986,3143.025894814882,Variable Quantity,1,0,8,392.96041962335164,0.7022097052469696,50092.47708278748,47620.74202335859,217.5373961710631,9466948.377826463
Anthracite,19,3194.412471752613,2243.6670584774492,Variable Quantity,0,0,0,305.9733399653038,0.7186773404355289,52310.83621172597,30350.505197736984,289.97881924191984,8093509.990791349
Bituminous,21,3195.687919555909,3137.5712867141874,Variable Quantity,0,0,6,164.54512042215347,0.8169143580511256,64545.51611957535,21641.981207749577,342.2925994605291,11120558.98274742
Sub-bituminous,18,1806.9218493209432,2005.0174993767644,Long Term,0,1,4,133.4217350042759,0.8370969027054991,75917.41173774947,26127.263191052865,250.40601565780358,4075374.028788204
Lignite,24,3738.2861915193334,1502.0589596912669,Spot Purchase,0,0,7,107.6515865749148,0.6871466144010372,72396.97681211597,32560.854299830527,306.4391868969166,6760683.648778914
Bituminous,9,1351.4724449706273,1817.876566553513,Long Term,0,1,3,166.2992707860883,0.7245017863106932,63325.20876398334,26589.04785783707,319.9949054880706,2889274.3853529934
Anthracite,16,1555.2990937680815,2437.078833537169,Fixed Quantity,0,0,6,456.34221399325867,0.8357261124230788,69208.86871028997,20006.811146547665,217.21755310648206,4128224.764738764
Sub-bituminous,20,1010.8435976573187,3388.60726991566,Fixed Quantity,0,1,12,196.6147366806727,0.6623616921378446,54592.89880831195,47450.04613242582,374.99217445526136,3804410.4024889874
Bituminous,20,1466.7842565667252,1704.387239387438,Long Term,0,1,4,241.70853088688625,0.6684721056222758,65638.62112395032,45316.38233692787,465.30302839138625,3182467.526404022
Anthracite,25,2892.664804207569,3208.419548923132,Long Term,1,0,14,142.1381937925333,0.6825581978412459,58647.26364510228,42268.76694460842,245.52287388591571,9991097.68221915
Anthracite,11,3424.4075242233544,2554.0481924237242,Variable Quantity,0,0,13,188.94452189926812,0.769042566825375,47597.445458302434,25034.437869380858,379.3424040204542,10045124.829949478
Anthracite,8,4177.15779986585,3151.841531599793,Long Term,0,1,4,307.68982831208206,0.6800944542011995,68069.53095509029,23610.90728629958,399.42176147325387,14834187.164037364
Bituminous,5,1426.7970004537442,2096.748861979985,Variable Quantity,1,0,13,343.10107323826105,0.8436152762901467,62258.58549395288,22028.142484171494,325.8004041257865,3456486.026331134
Bituminous,9,4402.909840065819,3179.894329344944,Fixed Quantity,0,1,8,198.1409256664844,0.7393429054517041,54344.86327814365,41720.87566318763,410.329276209281,15807430.840931278
Bituminous,27,3983.8981021948725,3045.645560033609,Variable Quantity,0,0,8,123.09286369004688,0.7503035920700333,76453.56760314523,47864.23882063656,323.21946304730363,13421214.972002733
Lignite,14,2634.0731717436674,1960.1073660628679,Long Term,1,1,12,256.41314765095944,0.6993317231610813,40837.36471306933,32916.074627391106,351.39118639323044,6088656.323548932
Bituminous,26,4731.752268399819,1762.6702528187561,Fixed Quantity,0,1,8,193.68134837053367,0.7441920504869467,52630.92604997984,23574.220159881446,202.2059133663281,9297307.256471012
Bituminous,9,4963.717905829562,3236.1086450645857,Spot Purchase,0,1,11,187.82156929192078,0.7823827265274023,42275.255911105865,35371.7846219632,407.5160342404066,18085925.062788688
Bituminous,8,1820.007240212949,3426.4733068802634,Variable Quantity,0,0,5,483.9451210853821,0.8002354273908086,70661.09264886509,30464.9572237589,398.40280368341735,6961302.214143443
Lignite,6,2516.9143398552014,1562.6046274950324,Fixed Quantity,0,0,5,346.52019437028963,0.8007736165419825,68084.2981645517,31244.74773049993,211.52026319790338,4465320.378079092
Bituminous,24,4705.797694358845,2962.540133947371,Variable Quantity,0,0,4,322.7513772688384,0.7655782225388177,53254.08874945268,38639.91872467122,310.4750322185399,15402147.222545074
Anthracite,14,3886.3862030051087,3319.0490218956365,Fixed Quantity,1,0,8,266.31004140932873,0.8308719549987714,67026.51608828292,41561.54339786607,493.7095522375002,14817852.317900453
Bituminous,23,1192.3785758563508,3214.7201841849974,Fixed Quantity,0,0,9,271.5777333720577,0.8134815694612219,55837.489047838,23318.107966194824,326.22096877058505,4222142.369152322
Anthracite,5,4126.05792700566,3429.040944540417,Variable Quantity,0,0,7,316.36200153523237,0.8014096229397251,70250.15165689737,21067.70692419429,350.5836215395525,15594949.901979584
Anthracite,28,4311.763548709968,3020.1881568761946,Spot Purchase,1,1,6,378.57192281444287,0.6611211043360922,58167.34650946825,49829.90908057145,472.97904744791555,15061711.021153802
Anthracite,9,4002.0076990612542,2384.5975247618208,Fixed Quantity,0,0,6,380.8584384727318,0.6513755924439298,56491.18911326662,26981.850467466553,415.1785627597269,11204725.45790883
Lignite,17,4198.148523678063,2123.903980990261,Fixed Quantity,0,0,5,168.67756308217983,0.6924894554390946,77389.19661953204,21614.915747253774,374.62103933726706,10489179.125460714
Lignite,8,4300.530706771189,2141.4854808762548,Fixed Quantity,0,0,4,300.04510083065077,0.7827047187826904,50035.16399562801,25696.2598728776,439.34140440232176,11098925.269001164
Lignite,20,1745.6199471525765,2948.845345228234,Spot Purchase,0,0,12,264.7832380136408,0.7322394977765092,44817.89359986262,21168.735390453927,459.30987993679196,5949343.7440403495
Bituminous,28,1942.766984259999,2991.6740240619283,Spot Purchase,0,0,3,448.21078650775365,0.7304812518598623,63381.72453037833,31754.32683851515,337.06642152118,6466967.036849781
Anthracite,20,3535.034254880709,1900.7182870974252,Long Term,1,1,2,352.56756848735057,0.8269173776459228,78772.87249136716,44072.05353353973,342.53250947955064,7929968.408188047
Lignite,27,4631.464521850064,3236.245626981062,Variable Quantity,0,1,2,313.0016265663927,0.8291125696263677,55113.56854908747,30237.333492731617,315.81528069555077,16451244.073354766
Lignite,6,2264.7863291859785,2929.8480804044952,Spot Purchase,0,0,5,146.15785687156693,0.8318350528107171,42481.470545151264,33325.502206351,490.01184200553814,7745252.000005265
Bituminous,21,3353.2267031802267,2625.5005726867653,Variable Quantity,0,0,14,342.25515572936456,0.7127756153030055,53572.210692382694,40267.60320702316,409.14987628710514,10175870.920317046
Lignite,24,3731.9282536685296,2443.0649202050254,Long Term,1,1,3,146.88156227209336,0.7882111625478523,60237.266172782336,35266.822102096405,224.9669198624217,9956903.40563494
Bituminous,28,2807.7944051961567,2586.465611579916,Variable Quantity,1,0,11,234.88263022630082,0.7043266362548739,46476.92026528855,45843.37058063973,458.8878869939055,8550726.515140118
Sub-bituminous,16,3855.129819421304,1818.491476558529,Spot Purchase,0,0,11,157.13678592573274,0.68812196661489,66324.08872225968,45981.070251372694,344.1679822508804,8337332.968909694
Lignite,22,4598.669781168693,1907.4024985525484,Variable Quantity,0,0,5,376.82945880974756,0.6869264914694738,79909.97556040803,20297.32086473461,220.62617192674622,9786101.140393723
Sub-bituminous,7,3496.4061767273506,1682.3289808123834,Spot Purchase,0,0,2,182.50084553446104,0.7184215241727188,58069.57903925775,43341.389194495976,364.9151765489933,7157997.117067298
Bituminous,5,3159.124247658532,1807.3160763222254,Variable Quantity,0,0,14,256.7437492752104,0.7359915239559643,54189.1422692085,33822.00800725022,325.14928369271064,6736723.026115065
Anthracite,5,2754.978701553356,2407.387269210565,Spot Purchase,0,0,3,458.26991104751147,0.8161898342110137,56028.16667337867,49665.21623910989,463.3248214587875,7908750.6680857735
Lignite,23,3309.945083624503,2560.7087874565123,Spot Purchase,0,0,14,181.7265533595881,0.6739782186945424,44605.84713580804,34496.96227626305,261.19838108281624,9340357.75895149
Bituminous,15,2421.4498072735832,1535.7237849566388,Variable Quantity,1,1,8,303.1220255835117,0.7969851694789788,75330.94405704895,49606.87836164892,447.9393828476549,4803340.795375412
Anthracite,9,2565.9284408060075,3093.595655728055,Long Term,0,0,4,267.7086644664088,0.7562909828378611,56593.02622085408,42637.0808361721,367.30660735563583,8880427.547696317
Anthracite,16,3127.429918752696,2088.335946686956,Fixed Quantity,0,1,12,107.2496164182919,0.7075890685351985,55490.97645699365,27458.14653839919,216.38309096404072,7207847.272668648
Sub-bituminous,7,1266.4764495632678,3323.672069919822,Long Term,0,1,6,417.10324542912514,0.7485639169065649,66387.61091721898,36151.849378608735,491.5535903976454,4831893.44856154
Bituminous,5,1916.1015636991854,3435.0225272275557,Variable Quantity,0,0,9,127.6183625258399,0.7099884139554046,57681.33683724494,49764.06918435748,353.78457323095995,7259739.2097431375
Anthracite,5,3171.3972424536355,1870.9177493533086,Long Term,0,0,1,289.70200839078143,0.7692163910476612,65929.33875231384,45725.91823255771,287.26305626947476,6844448.655668461
Lignite,12,2726.1125725457705,2424.194581531321,Spot Purchase,0,0,13,324.27131797557996,0.7367687845710489,42457.8516052315,22921.006813736632,340.82205259677744,7537746.609594798
Lignite,14,2331.263143649937,1502.4636703328517,Fixed Quantity,0,0,13,351.3705826458348,0.6828811058157758,72548.9337488891,41191.159904299886,457.3573350552467,4568858.478012239
Sub-bituminous,15,3922.196547237206,2696.654530244854,Variable Quantity,0,1,4,375.4526517231502,0.6733166149111394,77620.1581151761,30367.38757612439,291.47093731551905,11720015.391576856
Anthracite,16,3774.8704296133537,2714.6128965253424,Variable Quantity,1,0,8,201.30895340908603,0.7593391364144261,65950.61544637544,20209.467856410443,257.8029189460101,11220484.56633787
Bituminous,17,1666.9230399735327,1995.0799112067502,Variable Quantity,0,1,10,103.99151066337976,0.8304826066572206,78182.63715435243,32104.429070809987,238.72137407926442,3723574.8291657483
Lignite,16,4514.516461493753,2616.825345166396,Fixed Quantity,0,0,2,389.3774649419648,0.7187915373115371,46057.29257479853,27042.63265174914,289.3578195170634,13120011.737079488
Anthracite,18,2981.694505615863,1951.080284887471,Spot Purchase,1,0,13,314.26263973903144,0.7966000214445246,59096.64757921414,44566.078115614146,434.01442611201304,7111623.795160616
Anthracite,6,3965.843644556182,1821.65093815638,Variable Quantity,0,0,8,434.4470812828995,0.7817322709879534,64072.26935781789,30119.918265372966,341.4879095585785,8578670.45150295
Sub-bituminous,23,3292.603397029555,2803.038933604529,Long Term,0,0,13,428.55534516027774,0.8363109828618962,63269.46589684747,44825.71081861451,268.244481108062,10112518.20452321
Lignite,22,4990.770463695373,2151.85092790415,Variable Quantity,1,0,10,437.3304671151533,0.8141962034598281,56058.47116356173,20017.93816504386,249.85549988292476,11986365.502267059
Lignite,7,4009.612480155291,2680.5278777712447,Variable Quantity,0,0,14,294.03786399181604,0.7633210517810926,53523.376374650456,29234.574500783572,299.81884295311374,11950035.406606283
Bituminous,27,3827.921844973836,2366.493497943311,Variable Quantity,0,0,5,233.45135833474626,0.7814060996468215,45072.960902016755,27234.956429232858,481.97731186571264,10903723.637638275
Lignite,21,4114.287756203004,3468.702814805808,Variable Quantity,0,0,3,416.623281036548,0.829677293316807,55669.698022491124,27007.02083205833,302.90801377700734,15517492.253200946
Bituminous,12,1572.5119421938784,1799.1612853351317,Spot Purchase,0,1,6,280.51764521170196,0.729903756917387,46506.43260421941,22045.59859296388,496.43722278639063,3609856.0685035447
Lignite,14,1818.178372677853,2429.1971932716206,Long Term,0,0,7,173.37687856137381,0.7153589411715555,69374.62705968873,25613.728112315053,345.56913672960684,5045020.13044293
Sub-bituminous,6,3856.2563288944566,2860.9132527186503,Spot Purchase,0,1,5,441.9896078245897,0.6521622167270393,48353.2374197836,36666.4870965686,253.74917548704525,12010936.70113799
Lignite,23,2975.9259485234506,2291.0901677599372,Long Term,0,1,4,453.0239507089389,0.8153102148382928,42342.612211381354,28740.832185132334,467.34202753805283,8208889.947229795
Bituminous,13,4018.5411674404663,3449.3997037413797,Variable Quantity,0,1,5,286.5239024560681,0.810196140080673,62094.64551268937,32521.84346987444,338.10661194044803,15220250.051508192
Bituminous,11,1411.66412297658,2943.77525585387,Fixed Quantity,0,0,4,130.279890923915,0.6708909036200303,63809.18930877607,31306.006410415655,412.9014030513573,4738500.011809405
Sub-bituminous,8,3145.925405938379,2813.967715128986,Spot Purchase,0,1,7,255.1304359667725,0.76537147622654,74876.52245122023,46277.14774999684,495.1134749627455,10410122.586222384
Lignite,25,2515.2862622276625,3014.1185352224466,Fixed Quantity,0,0,0,421.41506378504135,0.7427963396333774,63079.26449670727,47158.96997031546,215.0526050959922,8122289.807625004
Lignite,22,2828.000877126713,3405.2972760774337,Spot Purchase,1,0,10,460.7096114184915,0.6737418191018223,53819.23414893783,34788.7091496758,229.00836793627013,10277819.549017318
Sub-bituminous,17,3415.83148829005,3315.6373059692805,Variable Quantity,0,0,6,181.38909699903832,0.8461136454121447,72120.47526105282,29904.678509468133,416.1370224388269,12747112.258168867
Lignite,15,3009.1533898501207,2948.570616252824,Spot Purchase,1,1,14,126.7894448101086,0.6929391774926711,61611.15572749684,23204.02112007091,284.5475009886416,9728948.342282997
Lignite,28,3159.4425484513467,2998.323278202566,Variable Quantity,0,0,9,450.94018125313545,0.6634468360181123,43171.21138524767,48602.086381462854,255.29041908502973,10279605.55143453
Bituminous,8,2945.4299279824313,1791.8441480702909,Spot Purchase,0,1,9,255.7619755915501,0.7689694759003819,62634.02241252987,21806.808347008922,211.80856394591885,5901618.663255708
Lignite,29,2635.820708341973,1705.5848089853314,Variable Quantity,0,0,10,316.70438570702527,0.7977733354266066,76320.7418168665,28929.508327048414,206.55401359586054,5040055.105784143
Lignite,25,4087.52792239298,2641.8090036883286,Variable Quantity,1,1,1,487.22632482030355,0.6564886892094374,55852.50501992882,28941.986035100126,432.34568093593725,12565693.111156873
Sub-bituminous,29,1048.812289272178,1536.73527388108,Long Term,0,1,14,126.62589116568914,0.7817435277454045,51853.032075992,29612.03858420645,240.330028210865,1863807.9276732076
Sub-bituminous,8,3393.770804820908,2464.712763103183,Variable Quantity,0,0,13,359.32720298083825,0.7564583751902909,45738.7782807208,24928.60529817228,340.3161847913453,9519625.350041958
Anthracite,14,3262.033389291895,1920.6991598377372,Long Term,0,1,8,129.64216902994684,0.6706530017750097,46057.82087741429,43494.84292771091,381.7690445538449,7510728.1605082955
Bituminous,9,3864.7162989318085,2192.033135289679,Variable Quantity,0,0,0,250.18757138660015,0.6845047753892725,57310.859373672756,23674.935858979676,328.5055401706539,9741166.901139542
Lignite,13,3396.117459109306,3051.609471585912,Fixed Quantity,0,0,10,421.5258180773787,0.7635948594632161,63827.19296646118,39047.19977459488,208.13199570086994,11070464.909235228
Lignite,28,4307.1953112363135,3382.475008464773,Variable Quantity,1,0,9,273.38889310225375,0.7092715227026577,43224.61620678407,23715.380801174524,435.05045077637266,16442827.758568717
Anthracite,7,4836.299178256111,1644.832544292683,Fixed Quantity,1,0,5,498.87294156118014,0.8376631457302632,77582.74356100663,22116.069127788698,203.15396736249605,8937415.64774632
Lignite,21,2370.0970287141736,2568.4844119528902,Fixed Quantity,0,0,8,323.62371397864086,0.8137480458968102,70205.34469780783,47282.885110576295,428.5669683132452,7103302.57127248
Bituminous,7,1909.403932119948,3265.0669716392003,Variable Quantity,0,0,0,228.4648610543814,0.8467134413027326,63464.95673134651,25703.86298956117,467.99134813643684,7127916.234612688
Anthracite,20,2694.3874496819317,1665.0170688808425,Fixed Quantity,0,0,3,188.04453036190125,0.7019341677900828,73137.54683755964,44637.50463679113,329.8519763171517,5374950.119140454
Bituminous,8,2151.7184659029044,3149.0280937936677,Long Term,0,1,3,240.20821371446473,0.8439447265595954,43207.470272484534,36338.926133214074,360.66274192933946,7551866.580835392
Anthracite,22,3459.8010526106177,2215.602701856543,Spot Purchase,0,1,14,249.01330950382032,0.7362467739583116,59073.555109324974,22335.695588263086,343.09501778529614,8852585.063729221
Anthracite,21,4647.409635371859,2144.189404438671,Variable Quantity,0,1,8,127.4854710895844,0.7195037590627509,65203.725074466536,48663.44574314202,316.76258558703165,11437051.990633
Sub-bituminous,11,1556.4647765722475,3454.9327726295714,Fixed Quantity,0,1,10,247.82967977070928,0.6600699053938707,73146.11624473157,27408.835009756775,466.22736061110805,6103147.630688459
Bituminous,28,1403.178412063546,1901.7181797245885,Variable Quantity,1,1,4,285.69540789569,0.6605530515719206,71338.7824019707,45789.3603605782,468.1800532009971,3325390.0392287266
Lignite,27,2024.0621274146488,2886.3878816453616,Long Term,0,0,4,389.09510089552185,0.7884022511893309,51082.76998853598,25064.300173536925,300.7449093924604,6450954.777381002
Lignite,9,3904.382344249603,3142.881456019733,Variable Quantity,0,0,5,362.6917938886432,0.7415857988868055,77635.20678236817,45618.28646425559,384.5209262044094,13772327.582219932
Bituminous,16,3371.8516210352864,1582.3669905585434,Variable Quantity,0,1,0,383.5062620916617,0.6953043252072212,44973.83365723481,20396.86438715882,478.07226864375923,6947495.456186029
Lignite,21,1408.8506569007984,2840.770916708824,Fixed Quantity,0,0,0,103.34547275074284,0.7727940612650466,75005.34474484608,35353.41369708442,488.61754968240547,4690611.127953226
Lignite,27,4675.002089042986,3403.0999487106537,Long Term,0,0,14,187.06695983221442,0.7005716236500222,78837.60998418473,43083.2773826467,352.68771212661426,17558315.160416096
Bituminous,17,4160.338548496347,1748.4399334561188,Spot Purchase,0,0,8,364.6737153599426,0.7655263508688845,47086.14092890502,48043.8655247835,335.84744158529804,8671341.112529071
Anthracite,27,1092.0904191505501,3292.4426053700763,Spot Purchase,0,0,2,293.59574727189886,0.7218417493965381,68882.64256815141,47276.064086194616,283.6082947785577,3905370.9264470236
Bituminous,29,3605.4688439529846,2689.553274753872,Fixed Quantity,1,0,3,102.12539026733837,0.8147104453223638,41611.42075111994,44588.746086429346,487.661561957123,11455349.10430666
Anthracite,7,4084.986674078952,2733.2091637249478,Variable Quantity,0,0,0,421.79785697272894,0.8141392321533558,56216.913005566195,46645.740489839125,242.8442913418602,12157138.705294535
Lignite,13,2497.741478881688,2725.8883497312117,Fixed Quantity,0,0,8,409.12382931613496,0.7454700796244803,60651.33196790696,25976.590575112295,373.9488728143175,7742592.008533374
Lignite,21,1275.686157468875,2097.671772674628,Fixed Quantity,0,0,14,319.367665197425,0.7201638218670031,63225.80903638536,28525.52887135186,284.76508025559167,3039241.7143267915
Lignite,21,1309.284261955149,3370.4036305989193,Fixed Quantity,0,0,7,126.58533031050885,0.7225119593118189,77437.48992994239,28669.055747631755,283.70248710433896,4784263.631422906
Sub-bituminous,24,1416.987864207238,3394.7009252620774,Variable Quantity,0,0,1,406.60601981303387,0.8111429051336436,66890.02749176779,31311.617930050965,321.4905762128565,5265798.258660056
Anthracite,20,4361.758527921692,2750.609320427896,Long Term,1,1,7,333.4854350925456,0.7156358965595224,59251.11804876948,31799.62011155566,499.63788074469636,14176793.447568165
Sub-bituminous,29,4642.744793022852,3066.8454518832295,Fixed Quantity,0,0,14,412.78399086318365,0.6918118747413692,72387.00145063558,36336.659739640265,216.4898920519466,15243688.071802935
Sub-bituminous,26,1491.2431273829352,2724.515971762316,Variable Quantity,0,0,6,400.6987969583362,0.6669376683750614,78021.31283817635,24796.39290099324,373.56254546105947,4619988.296902074
Bituminous,17,1943.624138380325,2468.796895148081,Long Term,0,1,10,421.20082878313485,0.7433386241768817,40882.64594729163,40737.39991357968,224.77164741058314,5235284.837698932
Sub-bituminous,23,1662.082041469159,2821.6402365985014,Fixed Quantity,0,0,5,307.20322656184993,0.7464264197839684,79300.85089024155,25026.996179135196,246.3562489971557,5099261.861999035
Bituminous,21,1745.2835179764827,2606.002905183917,Spot Purchase,0,0,0,156.129807277406,0.8181817420805815,43445.285562547215,29309.254463136425,331.86888253186964,5127419.209028467
Bituminous,8,4349.963156009968,2694.95172526386,Long Term,0,0,14,368.4629893518755,0.6942477392892128,72575.47117075045,35100.35391818462,353.1380394039324,13259078.172515992
Sub-bituminous,16,2328.585650619756,3067.665106837724,Fixed Quantity,1,1,6,348.18951402078824,0.72619825473368,51213.390102056495,43893.216845704315,277.6377225093572,7789824.165395285
Anthracite,13,2245.7770561825646,2461.8076628979697,Long Term,0,0,9,396.90127487963485,0.8116811477787382,45287.186310154866,42184.076997161814,294.9371392623249,6191034.226442133
Anthracite,23,1909.5824835084504,1581.5082121849455,Long Term,0,0,6,167.9524024202941,0.8147247221497946,57594.225588553396,39366.03069231567,226.09010607677993,3451758.085771924
Anthracite,16,3431.5775751770348,1827.9989619789944,Long Term,0,1,12,177.99007996011568,0.7269222151957536,65758.26317790453,24673.197817405104,290.96593515327515,7271392.423586409
Anthracite,13,2517.222793542195,2377.2144329790767,Long Term,1,0,13,456.16380688773137,0.7418248046573361,55238.073800939004,36411.36036846733,489.96753181416324,7217335.795010639
Anthracite,11,3976.998607373155,2949.6531197481163,Long Term,0,0,8,399.9911193808283,0.7106571781698566,42182.61633130796,22623.395053996563,483.41221450174453,13653296.053332752
Sub-bituminous,18,1822.31923350255,2686.557296620357,Long Term,0,0,0,463.29139548012915,0.8365109756838625,63978.445586348666,31320.895303899524,300.4634870410955,5443305.424938125
Sub-bituminous,24,4151.15955485797,2800.588371746908,Fixed Quantity,0,0,1,403.4861284655683,0.673728753148316,76096.13104442699,32405.495908698773,371.2561808836285,13166832.821176454
Lignite,23,3414.886126920556,2458.557857152575,Spot Purchase,0,0,10,338.86212239612075,0.836749884600294,55328.61463789007,21194.343183372614,472.87861733328333,10010521.74867066
Anthracite,19,1457.069200222751,2731.484043884486,Variable Quantity,0,0,8,361.65309481114946,0.7867732903670687,48653.31110523308,28219.642984099155,201.855146792269,4274078.188541431
Sub-bituminous,20,2658.018336814511,2158.0348756293242,Long Term,0,1,12,455.65116957600395,0.7563144305373463,57703.09383731261,48669.48401799468,443.20507110127755,6914143.476864341
Lignite,25,4454.072562451827,2440.36518539333,Variable Quantity,0,0,8,331.5227018047762,0.6565318121568992,41934.508441951235,48608.97823489069,484.5108658366757,13027610.168356014
Anthracite,9,4691.84092719394,2988.5581311899114,Fixed Quantity,0,0,12,352.956529731355,0.7451192383644016,72819.50337921099,30569.81162757618,227.3977203000671,15088753.284069518
Bituminous,7,2862.800489275253,3243.665557946242,Long Term,1,0,5,162.59068640144022,0.7315496210005464,73053.63243800748,21293.00326844972,248.43430580987632,9997185.198559059
Lignite,16,2923.3479123562943,2367.3106679127777,Spot Purchase,0,0,5,289.5684880464411,0.6822437623950245,63520.01853718514,25372.848179845445,488.2238908314066,8347720.990966063
Sub-bituminous,29,4673.818899757205,1587.3233154147224,Variable Quantity,0,0,3,386.5588447832396,0.7812819207001314,54124.11555753558,31766.533803006205,361.2620430921039,9107335.076379374
Bituminous,24,3348.272896546269,1823.3450882936054,Long Term,0,1,3,208.37707932654615,0.8442301814736571,71991.33457783134,48433.3909390769,204.25899034151712,6788971.78142065
Bituminous,25,1131.3866809737533,1541.722278583076,Fixed Quantity,0,0,4,180.90167220981397,0.762437762212905,62187.480991534685,24235.97190611555,277.2895996290587,2058005.8115422605
Bituminous,8,4650.997851516515,2806.5260384746603,Spot Purchase,0,1,2,225.53072328976623,0.7929506552887892,73037.29234200064,42905.47531004637,334.9831022806579,14611152.264172478
Lignite,25,1992.9057710286074,2164.629250710218,Variable Quantity,0,1,0,196.6002511971334,0.6636900905132034,65258.351703320826,23260.476181240763,407.8726733074303,5126753.930356968
Sub-bituminous,27,3310.5278163661887,2584.957271438735,Variable Quantity,0,0,14,185.96505481455836,0.733533399163399,71376.2189285119,49437.727321738304,419.9481134410399,9947822.862193042
Bituminous,20,1662.0532697118952,2486.553693567599,Long Term,0,1,0,269.9403371472348,0.6732716970328992,63942.519728710395,31448.49497327405,498.62645387763683,4961528.424740392
Anthracite,29,1135.51664098638,1663.0529791048534,Spot Purchase,0,0,11,463.13540555341365,0.7725591671073021,56565.64272862665,43257.03616697168,286.25335981512774,2213469.786223875
Bituminous,11,2245.8926845310298,2306.5227222476638,Spot Purchase,0,0,14,302.8238586954873,0.8376964316428309,78317.8343970455,30277.732484333952,361.46603056054255,5992016.422343017
Bituminous,17,4121.982830184351,1941.1222498446466,Spot Purchase,0,0,12,175.16815232612922,0.7823555464943277,61644.55299515379,38830.06631476426,359.9970643578815,9485174.303348409
Lignite,25,2110.3486905176724,2336.7995773353055,Spot Purchase,0,0,6,130.78866775234962,0.6653606096628844,64203.58074162154,25760.4825422011,321.69357783417126,5610347.548762101
Lignite,14,1880.3888563243881,1907.1565606844854,Fixed Quantity,0,0,0,378.4624580551701,0.7209332409970166,48819.505576589974,24380.630578908876,250.74856815272605,4057700.7572707357
Sub-bituminous,11,1850.7231373649051,3180.904812553867,Spot Purchase,0,0,0,253.11950577455514,0.7601326758881704,65026.03157709106,48141.924187043944,493.23696895515275,6799819.204997855
Anthracite,18,3060.6947296272506,1848.3866731565072,Variable Quantity,0,0,2,428.7323786341437,0.7306415512266504,62864.30597931775,47529.418337133,455.99515599997585,7053009.319548051
Lignite,9,4902.165262731025,3421.561102973954,Variable Quantity,0,0,9,363.8043074563081,0.8167288020950345,47393.535917880996,46624.068206386466,349.49990848827116,18486364.294029444
Bituminous,7,2835.9559520680523,2331.8147322938817,Fixed Quantity,0,0,14,418.4965802165474,0.8129342009419979,42383.48389412575,38763.0035049978,380.97362680520894,7693348.293687991
Sub-bituminous,27,3229.2214755601917,3192.490584038099,Variable Quantity,0,1,3,208.7784157673795,0.7723662040206443,64174.372788590845,44248.04633648835,268.17831606789866,11175266.332025556
Bituminous,15,4442.528071562936,2757.5296364118904,Variable Quantity,0,1,3,376.9435689844232,0.7246915890265411,70547.69077401282,22071.108107341246,363.13612111752406,13863645.229789639
Bituminous,15,3140.2788757346343,2970.7005973315054,Spot Purchase,0,0,1,205.6247938774875,0.7010672747526489,60936.05483688033,30043.671256720372,408.49103993644275,10611604.11557167
Lignite,22,1737.8514856754243,3035.4477761335606,Variable Quantity,0,0,0,475.6273917801166,0.6711748636426259,49070.90501278583,29411.093742714686,354.5501085159766,5891312.860274744
Sub-bituminous,19,2198.383647065908,2509.6897637860357,Fixed Quantity,0,1,2,354.54971261334975,0.7209795366973109,66660.8790677214,39069.359658578396,497.08555117548235,6610045.682812846
Anthracite,16,2239.7477050744437,2586.601046726577,Spot Purchase,0,1,10,229.80472007013682,0.7326345034415439,43204.22906438409,30678.733204119213,383.4024968743179,6652058.62084307
Anthracite,13,2589.2724618303914,2527.99173561745,Long Term,1,1,3,207.80474491690904,0.7851645850208147,57673.348192078185,24455.203449310422,311.2921137776507,7351679.482558523
Lignite,14,2707.1556213469976,2676.1167561801585,Spot Purchase,0,0,2,176.3706340286574,0.7816319648595147,46534.67033593681,37894.01226240631,431.64560828475146,8413196.354771819
Lignite,16,4199.128088297078,1558.7888915130145,Fixed Quantity,0,0,7,377.85638355749114,0.6640216279282514,47378.36204239533,44431.517620072445,251.1387534744926,7600118.011852423
Sub-bituminous,21,2397.547996197332,2291.0303396980307,Spot Purchase,0,0,13,187.48624519917092,0.7290518630862316,48091.75796632814,31463.704833799195,315.35474411187994,6248933.335007066
Anthracite,10,2872.9273137655173,2712.377427122343,Spot Purchase,0,0,9,338.1213063709956,0.6863557734434724,55468.282281759115,23968.06145295445,304.08768511327577,8666085.011962475
Anthracite,11,3499.903948204209,2695.4471305117286,Fixed Quantity,0,1,0,205.85401077014293,0.6813625410633611,42046.0082248159,25900.64591938469,329.5421285323332,10587171.851003636
Anthracite,18,2510.9037897606772,3085.912189211263,Spot Purchase,0,1,13,364.7875779175474,0.8154604299474492,55911.737637163926,27124.499155081518,434.53394777861786,8839501.547016228
Bituminous,17,4346.259253169332,2810.018677664217,Fixed Quantity,1,0,1,425.9758914162157,0.6583830433432515,60468.297884588035,28996.92778983609,345.2519096490222,13713623.986363199
Anthracite,12,3349.814416936297,3484.266632681345,Fixed Quantity,0,1,12,411.21009725786126,0.7338365751804242,59331.77139865301,39283.85211518928,438.20433507978885,13139549.797820317
Bituminous,14,2176.1787168838864,2067.70905721729,Long Term,0,0,6,404.3405323723127,0.6836407311533037,55311.364016121624,38028.36453613157,372.9466709419598,5311303.050860904
Sub-bituminous,13,3856.236799159313,2218.3020593324627,Variable Quantity,0,0,3,175.08896227690082,0.8258660431356948,73565.86432283011,40882.395847011176,302.6208303972666,9721275.615218816
Bituminous,22,3110.590920579143,2267.6943037355927,Variable Quantity,0,0,7,135.35397879380747,0.761408102655007,45813.067696820166,30875.059535945395,442.9936231050417,8431841.253753979
Sub-bituminous,6,3137.8235650289876,2431.625614040497,Spot Purchase,0,1,10,379.57953139495424,0.6962761272753696,60227.869751254955,44719.92955639935,271.48690116592746,8481890.149139497
Anthracite,9,2924.3517935503437,3171.996127562419,Spot Purchase,0,0,12,247.33888551774052,0.7504854574332753,42481.656678262174,26122.629834672807,267.31489393993866,10057755.354307886
Anthracite,9,2988.047795284996,1971.5841879184197,Long Term,1,1,2,272.9384905613389,0.7962972719406232,42846.22715511639,34071.22242554462,351.3508772164507,6941040.999966458
Sub-bituminous,10,4061.4251242649625,3052.000414070859,Long Term,0,1,5,112.45963711735642,0.8416236017838867,62954.63398708386,44028.16164624291,278.25477378862666,13525582.090186248
Lignite,23,1411.9259173252622,2310.6203661714867,Long Term,0,0,8,203.83057971001966,0.6940892008490838,62640.73699551284,25404.75943197858,202.7261104853649,3548659.029609941
Sub-bituminous,12,2337.4512452419285,2703.710767324017,Fixed Quantity,1,0,0,113.47056154978561,0.827236354425869,75121.34051377827,23295.89341222349,394.48925818964045,7241891.507645474
Lignite,20,1302.0134552155569,2765.0810664526125,Long Term,1,1,0,451.67430904049905,0.836860822833498,62314.94702640292,46510.51903063969,353.3281464417194,4060210.7540565743
Bituminous,17,4012.9848829898033,2245.697274377869,Long Term,0,0,7,197.3586732874122,0.8332841089064132,78391.640816194,30287.889882775875,333.65534434794836,10350903.066846866
Bituminous,5,2089.2074188811976,2525.23041041161,Spot Purchase,0,1,2,322.9348678292032,0.777082871372382,41947.79393599719,40516.10374727096,490.0905543854946,6299630.929962122
Bituminous,26,4589.721639275536,2326.062349295394,Long Term,0,1,4,115.59172826445217,0.7759641308869415,43920.307391229646,20760.458127918155,371.35975518887415,12380416.603211604
Anthracite,24,3106.313866637175,1638.265572373239,Fixed Quantity,1,0,0,366.7389565222632,0.7306421266367645,41762.63446281526,40701.40665228349,459.02947333681533,6514856.68291859
Bituminous,21,4202.999085944484,2374.3307776336533,Fixed Quantity,0,0,4,229.21093830163755,0.8004795764607575,47411.074013341604,29483.039346409118,241.83507086154805,10995742.669904508
Lignite,11,4915.725742463845,1694.7867851071044,Spot Purchase,0,1,10,459.16767478306633,0.7562588036701864,61650.804437667124,21672.22560762325,370.7619389388283,10153671.035105938
Bituminous,29,4359.155437826283,2310.041598160643,Long Term,0,0,5,455.24727557361433,0.7854876142456588,65822.88725709711,38294.38284644351,460.3938880192709,12076758.914728073
Sub-bituminous,17,4467.975040046094,2685.8367996635634,Long Term,0,0,7,230.1162473446991,0.735691580769759,41823.40631794675,27224.114482195197,374.93172718396943,13675437.381313432
Sub-bituminous,8,2631.9379814593785,2658.8297986870016,Fixed Quantity,1,0,12,460.38435827618713,0.7962992928086278,77838.83559382397,31604.217261556398,415.40425343810045,8091193.365683828
Anthracite,8,3206.890381037359,2825.242558016641,Long Term,1,0,13,498.46306939951154,0.8148943035209097,73686.61506601525,22417.424368595406,311.61307034366223,10059552.141291557
Sub-bituminous,10,2015.5542561732173,1690.5230159092525,Long Term,0,1,2,430.1662656495792,0.6792872513205632,51864.499286283724,24414.897532848358,227.73485511112,3866352.8163728863
Lignite,23,1784.4523987738112,2804.246491060876,Long Term,0,1,2,437.9485391020916,0.8165859431148456,43087.50120905872,28939.317064875315,337.3700885381214,5606065.241493006
Bituminous,16,3022.031516424135,2124.2961133928943,Variable Quantity,0,0,11,199.60349444363595,0.7580593063580614,46795.48292876229,22692.785016804715,318.34381725165724,7381734.853683898
Anthracite,26,3380.195918801682,2298.091892274222,Spot Purchase,0,0,10,330.6809595431025,0.8189331818180449,45077.776550198905,47324.78794058946,460.1180547136842,9323290.006006725
Bituminous,11,2357.084983584764,3215.9725078454117,Variable Quantity,0,0,10,126.90236558694714,0.736260341268203,44931.351171957875,20181.411295519352,273.1985907057417,8224272.801552879
Bituminous,14,3277.7740710540015,1518.0608082591004,Spot Purchase,1,1,9,137.96717472866789,0.725808097076607,60742.467546629356,34515.80656592934,490.0202682605324,6582036.085190259
Lignite,23,4549.841930054012,2676.825266681211,Fixed Quantity,0,0,8,499.5570448133162,0.8330121465034445,49833.897699736015,23697.423743976542,487.44143594134886,14396913.321465872
Sub-bituminous,11,3226.8863391334644,2697.4279602002152,Long Term,0,0,3,230.65569977036438,0.7002338535096803,54325.58866116578,29230.372684338457,274.2894929214316,9589394.453242734
Sub-bituminous,7,3883.2523852420263,2293.319552687124,Spot Purchase,1,0,14,399.27356481953854,0.8188424650572286,79580.2133353729,47781.78679454797,304.41558664319615,10087661.176031493
Bituminous,17,4221.25986943162,1974.0557142166724,Variable Quantity,0,0,3,422.66602121072657,0.7468041145018808,67372.5699570138,24850.836598219605,468.6667222621655,10311366.19326835
Anthracite,17,4954.9151278217705,1969.3480765231022,Long Term,0,1,11,443.2093084028917,0.7528190885102519,77959.22668188006,48974.969591549976,489.98666626883227,12185794.921437418
Sub-bituminous,22,3412.7896087079184,3267.4193393215055,Fixed Quantity,1,0,6,499.0513189608626,0.7116936562978968,45702.26220132462,26173.831309682653,333.03173085081323,12287581.998945395
Anthracite,24,4227.400595850344,2384.048747565715,Spot Purchase,0,0,1,196.59859410274714,0.7646084401238031,55285.57899330277,42246.98325400489,296.2991136922693,11330904.145768197
Sub-bituminous,12,4850.597274219499,2161.778725978344,Spot Purchase,0,0,7,116.14033074387989,0.7150422392552422,62189.27213129417,36400.31794691936,357.8282039754626,12221598.506538495
Anthracite,13,4777.638902309094,2397.555147662806,Spot Purchase,1,1,5,264.47660719783437,0.6578538828483305,43070.32247554952,46534.36182790277,406.3307619097204,13395954.399210023
Lignite,11,1564.3273951108542,2838.7808029187227,Long Term,1,0,2,152.0322679315788,0.7043997210688713,40167.497745118315,36619.79766509392,282.0423546124939,4881989.160622439
Anthracite,5,2625.5692330940883,1791.5131364895033,Variable Quantity,0,0,8,108.97035566482205,0.6512758086813182,66817.3733518767,36036.77657468926,420.94195238572183,5808954.010953237
Lignite,7,2295.9602444271986,2398.8676704274753,Variable Quantity,0,0,4,244.17073085659445,0.8456709574113713,65672.78067205742,25863.740011051996,215.4972071343923,6002477.823308829
Lignite,17,1347.7000598013974,2675.7687422207737,Spot Purchase,0,1,7,413.4953004300946,0.8431494419639495,56431.55239998447,24986.880861549762,214.78834782932492,3895603.963119871
Anthracite,29,3532.9630996438423,3397.1667097028676,Fixed Quantity,1,0,6,326.4722764900283,0.729031059494461,59585.7630412813,47494.674533465426,315.88631154366357,13118079.311085077
Lignite,21,3943.618452784009,2005.0555641508386,Fixed Quantity,1,0,13,225.11119568414162,0.7956741708679291,56617.720023683585,29835.145965501022,306.0419576182162,9114086.833031837
Bituminous,29,4392.512381867534,2218.501495832491,Variable Quantity,0,0,7,361.73680219708785,0.719161219682085,40960.20179379555,31162.46764888688,294.6899646101457,11039224.607998032
Lignite,28,1491.107558650834,2258.7171798448476,Fixed Quantity,0,1,6,192.80727212352429,0.7842186314171952,53414.8642486985,42794.70975285165,347.305928800673,3885860.7553200796
Sub-bituminous,5,4505.776303501176,2711.0763152897657,Variable Quantity,0,0,2,105.75257842883401,0.8110860086091958,47083.2902158916,30164.70447268422,296.22007469347136,13550204.8115911
Anthracite,10,3571.702254457013,2213.464106080003,Spot Purchase,0,1,1,405.74135457457095,0.8393512489384481,43936.96756405475,48561.87339917009,257.6773755404276,8826181.600985935
Bituminous,25,3815.784540554038,2567.023850599391,Variable Quantity,0,0,6,349.4972339456036,0.7300424551699344,78268.81735557399,42137.83306996401,292.84086472658026,10912627.568816816
Anthracite,10,4642.4960141612155,3063.580659690059,Variable Quantity,0,0,2,404.92104980038397,0.8066595965912096,63974.38900168662,37922.8772772026,492.47128184307047,16508956.964717804
Sub-bituminous,16,3499.0450841730044,2910.771188224407,Spot Purchase,1,0,2,115.57520667506624,0.7031856901264237,69146.25136946411,46426.85481634257,323.33402509845456,11316279.948375646
Sub-bituminous,17,2343.46342859934,2392.7372930251713,Fixed Quantity,0,1,1,434.84785113226087,0.8480664607587296,52614.5497306447,21488.17725048448,333.4138330575007,6388635.464809651
Sub-bituminous,17,4300.4293256906385,3228.4323553483378,Variable Quantity,0,0,3,347.8104800145213,0.6551539197528703,55725.885179760604,27711.880765676262,372.963496985342,15487548.336796388
Lignite,19,2452.2368487803624,2616.2804991877256,Variable Quantity,0,1,7,325.35814028505604,0.7707057613002242,49476.95975586894,33951.090026627295,495.002230524268,7629602.156773702
Lignite,25,1136.9124432821166,2579.811679004425,Spot Purchase,0,1,11,349.8456192458126,0.7819011963302654,43878.62683861699,26809.356184145632,272.4803829307289,3242806.337088882
Anthracite,20,4322.618026261,1568.3755318783165,Fixed Quantity,0,0,0,445.7732987473456,0.7876091114148258,47161.26549766335,42317.15561906456,404.38463315973013,8527488.650883084
Anthracite,26,2380.7685795251023,3473.385960714323,Variable Quantity,0,1,0,334.7746026235628,0.6740775157578178,71900.56181185943,47576.240931611756,414.79540806251725,9256860.034278806
Bituminous,25,4095.338092805361,1745.9416170592535,Spot Purchase,1,1,11,332.38015195527174,0.8377059566946261,67101.83220735104,32713.1035979277,382.19732503791977,8715448.476353057
Bituminous,15,2451.031578663782,1962.261824855293,Variable Quantity,1,0,13,496.27166282630634,0.6862366558100166,61877.15503941907,30263.978003356846,226.5735018909932,5364904.506350005
Anthracite,9,4444.272079898887,1603.393674483054,Long Term,0,0,4,402.6920668274272,0.7745506806479682,59003.59491467073,48846.52196412699,403.0616827482729,8917233.523706732
Lignite,8,1878.0421003238348,2780.0059336738277,Spot Purchase,0,1,10,276.9175221804541,0.694535215824617,76897.37134624498,33345.57298482623,219.22841331085266,5632688.372374495
Sub-bituminous,7,4898.189060795479,1949.4023539453601,Fixed Quantity,0,0,4,382.95880001317107,0.7114432834042542,42909.397911146734,34671.4520134785,378.84279486496905,11404184.918752898
Anthracite,23,4119.035099152123,1860.0208749454468,Fixed Quantity,0,1,10,255.6921886767154,0.7592917083456249,51224.03252951664,30549.49617025716,421.87435316652284,9399206.537180942
Bituminous,24,1456.9517036815873,1677.1111684464827,Fixed Quantity,0,1,11,191.5501849933996,0.7334386837129153,53997.514142828564,47286.45419036415,263.2909671859851,2827072.1973371147
Lignite,29,3263.106479866242,1706.6179142480314,Fixed Quantity,0,0,0,338.74075075510376,0.6820451201953013,71297.03248851151,37068.664498455524,452.4866022628322,7045387.938535068
Anthracite,22,4941.469248966939,2669.341400885178,Variable Quantity,0,0,5,471.2728392455806,0.6841872804841697,79700.58480647884,42865.23761544934,209.10614165990128,14223760.016250962
Anthracite,19,2884.261810775258,2876.415731733191,Variable Quantity,0,0,0,471.6558080061851,0.73362895763256,49626.82059028612,44354.20155052659,453.1438590974918,9603321.57453343
Lignite,13,1728.428555286333,2294.7579769288022,Fixed Quantity,0,0,4,236.7621112421961,0.8014565956551001,74972.29336548323,30255.471257517747,338.09871519282956,4550704.688639745
Anthracite,21,2939.1134686013847,2459.7941631841463,Fixed Quantity,1,0,8,311.070986488678,0.8295929293695576,73224.91041727166,33010.8299396114,265.27638197949335,8009291.542179371
Lignite,18,3049.8306235276864,2871.935471965968,Fixed Quantity,0,0,11,184.65435942794448,0.6668255324518766,48986.29590567066,45454.153232187935,240.1334434981904,9491283.080911186
Sub-bituminous,19,3966.747776914662,1534.7595803709594,Variable Quantity,0,0,13,498.25244379955336,0.7286207815118803,55973.3032079689,30897.660550274308,485.9921502747118,8015812.4352351725
Lignite,5,3795.3834126436177,2146.2613141405573,Fixed Quantity,0,1,4,492.4471631471743,0.6700491127445753,56386.914771700765,43818.05400355554,221.799676274347,8987699.403149145
Lignite,25,2610.2001743879223,3446.1954961406927,Fixed Quantity,1,1,5,359.80357188297893,0.6533184961265196,79128.82674106234,48229.76967723311,259.7280259807777,9673202.223709766
Lignite,26,1872.092429976346,2660.2244593909363,Long Term,0,0,7,421.7656238709894,0.7823437365287913,47235.676055155935,38696.31119204021,304.34670422991377,5549951.233540761
Anthracite,26,3580.2166710773176,2008.4491597949864,Long Term,0,0,10,386.04006451348,0.7704898883933176,71966.31884419128,42248.81862355667,386.0704546883361,8572899.042994823
Anthracite,7,2686.815738213127,2543.460093272426,Fixed Quantity,0,0,0,337.26328761578725,0.6826038227629773,53367.7085669244,44152.919361234046,363.4403255828295,7810305.794798631
Lignite,20,1529.1048445013216,2185.306976241831,Spot Purchase,0,0,13,121.33919879555907,0.6967625666186128,69234.81383104641,45351.189466899275,237.69304772369418,3705021.0748725026
Anthracite,27,4602.289204945542,2564.489977652598,Fixed Quantity,0,1,1,281.9057370210644,0.6547415507289037,56800.440171826514,31851.600135703877,286.9183951214644,13123005.972909402
Bituminous,29,3764.8874304386177,1751.4830236132977,Long Term,0,1,8,369.9145208669642,0.8169894411388807,63134.390524661605,21537.903775279945,271.62553132580723,7616775.968903072
Bituminous,15,3732.7354257819256,1765.4293076385547,Spot Purchase,1,1,2,371.0126455534739,0.8449381192097103,73304.47093304525,32056.288137102187,264.0628563471024,7575557.296856083
Anthracite,16,4290.3355036466955,1787.0847240787857,Spot Purchase,0,1,5,249.24904736895343,0.6770919073589382,72166.62259935537,40212.686893522696,323.3433009439961,9054444.283646217
Anthracite,14,3118.6467146203245,3379.6395838536837,Fixed Quantity,1,0,4,476.6767946632122,0.6962950427530596,74656.92734158802,33510.511573423784,411.2094357774971,11822318.840694461
Lignite,20,4260.217713609829,2965.7978366826837,Long Term,0,1,10,166.9428128947124,0.8236819047893869,42384.69301378636,42468.89452581196,265.2358796651708,13764907.071655724
Sub-bituminous,12,2992.3630140440227,1824.7637893246417,Long Term,1,0,1,300.1437784862243,0.8352927595912369,67682.02212158979,30709.472884059916,310.00366391089443,6387999.170646972
Anthracite,10,1268.7015996628404,1876.698167531203,Spot Purchase,0,1,13,376.3535906203291,0.7339254765613621,45599.495068870514,39042.32423312089,317.27522805234867,2783497.556594566
Bituminous,16,2620.992352110755,2961.6589497417526,Fixed Quantity,1,0,14,378.8543223567237,0.6601244944538148,56632.74272073644,25592.594145619238,492.93695883062304,9054469.4560013
Lignite,28,2989.8595759195623,1812.3276895843478,Variable Quantity,0,1,6,359.4555827075262,0.6578783667385639,61943.53660218754,42481.0830993487,486.39990706372066,6872872.717268788
Anthracite,25,3880.810326529183,1969.1225866696573,Variable Quantity,0,1,3,210.11528538074407,0.764789973213802,56109.57938987323,36370.87906439078,440.04127482562274,9349507.991991805
Bituminous,12,1426.3149205146974,3426.693665640798,Long Term,0,0,0,162.48262747464878,0.7285790217786359,60784.4670321203,26121.931656398017,272.49767624575554,5276211.804771576
Bituminous,8,1560.074154641796,2010.6130494568638,Variable Quantity,0,0,12,354.37613073068434,0.6557304855155309,79861.05235194476,28757.335204934217,220.4111942275009,3480563.2609512373
Sub-bituminous,12,2054.7352105384657,2823.264700742294,Long Term,0,1,3,339.72084645577513,0.7666504784625113,45408.69254851419,42458.26125745497,295.0712413161874,6407354.6584351985
Lignite,22,2065.993573483529,3457.2625748010605,Long Term,0,0,5,171.7424041156964,0.6522605073178045,67018.24181345702,34478.037069845625,280.03836483014925,7721239.723452034
Lignite,9,3928.7383138362493,2248.5935342795856,Long Term,0,0,6,382.05565822822535,0.8074743916298546,55840.03865542461,26480.943211792168,351.77774004391813,10216178.25563394
Sub-bituminous,13,2002.9226422463912,1535.0319817241245,Variable Quantity,0,0,14,282.06879669346256,0.7112865645406743,45320.391956293155,49018.13571110893,433.31837302033796,3942453.4933914
Sub-bituminous,8,3532.3922534297903,1988.2945808447485,Long Term,1,0,6,367.1042366412612,0.6580516006018464,46349.47053497238,41453.75059450664,457.4968816636574,8639494.81566941
Lignite,26,2977.0954005530857,3161.7543826834108,Spot Purchase,0,1,13,434.9468319080603,0.7676704441966307,77970.92424982467,48714.04497619388,453.4592256231525,10762835.805306396
Lignite,21,3293.1775127176024,3229.2176719100735,Fixed Quantity,0,0,6,167.89137143076925,0.7295368828866109,75184.05986847047,32813.1513608103,307.90266836692035,11648365.16437623
Anthracite,13,4352.427852713183,3037.0387290475824,Fixed Quantity,0,0,2,107.65794719873467,0.8447600826714299,76281.67841660087,34253.01022075162,406.1703030382049,14986318.89396378
Anthracite,5,2617.526006196097,1726.219638153146,Long Term,0,0,5,411.6410345583147,0.7588397325007404,79661.31103309547,46938.65648555057,293.85025925726603,5287585.490805635
Sub-bituminous,25,4083.645508257082,3091.0207433928063,Fixed Quantity,1,0,12,343.8789700610464,0.7050478362074016,48332.615600340716,35751.48020736154,218.27166297055481,13513977.070755009
Anthracite,24,2688.1442382027494,3337.3555939870084,Variable Quantity,0,0,7,379.85582784884866,0.7918877729267949,54217.57349456247,41218.36735717002,410.4695796808827,10074694.64638656
Bituminous,17,2415.485506244998,2701.219085092472,Variable Quantity,0,0,3,435.26198999545704,0.7042984005085423,66768.76119699466,27565.1863248659,202.94826577093636,7014974.143720495
Anthracite,20,4834.508709252883,3381.7507126761298,Fixed Quantity,1,0,12,421.1243739298002,0.830848658281513,59352.10159442589,33401.794061079214,322.7547762375466,17909464.049628276
Anthracite,17,1737.4836827158529,3153.6777674237546,Variable Quantity,1,0,7,484.3680587715299,0.7249443941014753,56735.58133513334,23703.495974310652,298.81378079062273,5998647.729736873
Bituminous,18,1361.3478423104316,2833.9430339818146,Fixed Quantity,0,1,1,314.3740315408473,0.759973712555241,54312.44997342372,26179.40107630885,408.01326155565573,4413430.207794655
Sub-bituminous,7,4083.943702141914,2654.370473423496,Fixed Quantity,1,0,14,295.39825306396216,0.6601146207648458,63751.22527773809,20028.30245802893,429.8736418281137,12595879.330350071
Bituminous,10,1272.9988214163664,2197.147334483941,Fixed Quantity,1,0,9,260.75487995629203,0.7352242475904461,63023.737145603285,21177.951549459805,291.22839079138515,3167699.365516586
Anthracite,22,4348.3159628121175,1818.5748904856102,Long Term,0,0,8,161.4764171376818,0.816472707932199,46458.31336256961,49318.51469530788,443.488104333456,9836164.62925833
Sub-bituminous,23,2748.773585428974,2709.9078453810816,Fixed Quantity,0,0,8,329.042893152809,0.8111297610726684,58869.59350073757,27270.61085410287,288.17502815148015,8241051.009693301
Anthracite,9,4662.054709167656,2136.2231072362392,Long Term,0,0,7,210.80500973039153,0.6948637117707053,62138.871048393994,39899.32128512006,333.89790799596835,11515839.311277304
Bituminous,19,3886.1314444876225,3232.877335055291,Fixed Quantity,0,0,9,468.5230048851902,0.6952158142021125,62811.47754925562,45172.99096398835,418.1055581042402,14188199.424393648
Bituminous,29,3441.6186680318306,3486.6738747172567,Fixed Quantity,0,1,13,333.27632171083906,0.8134610624426474,48404.28771649407,36519.813777096926,407.87606876743655,13403555.789079232
Anthracite,6,4797.227188231062,3004.8555252311453,Fixed Quantity,0,0,12,337.13607220324405,0.8360796840338651,69690.85569009147,24594.335002518685,496.21054169366,16795409.32404487
Lignite,14,2586.597492208217,1680.9633905741016,Variable Quantity,0,0,9,241.96986435080402,0.6690721842546007,41007.963792842784,41843.49312008499,267.54830726477957,5040015.471168425
Lignite,28,4816.347746158532,2077.3711910612765,Long Term,0,1,0,120.79574079108299,0.740011727885245,54193.274221726504,38007.542302987495,398.6953740618747,11925597.620269386
Bituminous,22,1540.0051096848279,1718.2192635314996,Long Term,0,0,1,112.69750614919545,0.7174908557928458,71208.50594142533,41937.51768042125,382.9045724827332,3235741.443542505
Bituminous,17,2935.019767729651,2801.0232955834317,Fixed Quantity,0,0,5,269.33405766127896,0.8241376910914878,62555.71684221609,43092.398685712615,474.52953634700896,9613812.311958684
Lignite,9,2079.6448895687795,3030.3817291115693,Fixed Quantity,0,0,9,133.82615123889514,0.6667049829360038,50446.49730043441,49262.311030542354,246.9086424934625,6815600.172941371
Lignite,27,3159.3711156327736,3351.3496617614237,Variable Quantity,0,0,4,342.73878221605565,0.6922251885116075,67798.12477372191,37206.8984008013,425.5394490760799,11932594.363727959
Anthracite,28,1648.0555115663383,2376.3446928239755,Variable Quantity,0,1,11,452.389202255863,0.8004936675172989,62695.63776624294,30249.233380718055,370.48058488063054,4526920.538230813
Anthracite,5,4366.118641240173,3302.7512991768886,Variable Quantity,1,1,13,453.16592660748887,0.6602587697962431,71849.74437825549,39453.93670700712,282.39976093637165,15653194.875222474
Lignite,26,4385.631397258228,3255.7823180826554,Long Term,0,1,8,363.61816405289295,0.7485070761428578,69401.00744759294,22053.221277278783,342.33047424415224,15779996.432904923
Anthracite,5,4820.945250893916,2134.3914335307973,Long Term,0,0,4,184.49273258917242,0.738421406935944,64404.316881449384,46921.91954964759,300.13297912093935,11736708.905358689
Anthracite,22,1618.688563532945,3237.8012510811423,Long Term,0,0,1,445.19873254354883,0.7168802357977497,59527.10701243256,23581.430340145904,373.79402083653827,5846047.962762806
Sub-bituminous,19,3493.330203619963,2251.344503763453,Fixed Quantity,0,0,9,454.43737412528327,0.7289144630637847,45327.285026700934,29835.28513657455,466.70018324439974,9495027.599913301
Anthracite,21,2896.9492348014783,2093.7385491205614,Long Term,0,0,3,178.66143398118348,0.7559881173860465,50453.32071541535,44472.36141878363,370.79149532366057,7139618.426397942
Bituminous,15,2377.534928176933,2798.1493175887863,Spot Purchase,1,0,8,394.9704343082709,0.6822734716776766,56763.97891668341,37919.371349921355,389.51672549797524,7578787.356802332
Anthracite,25,2406.160644536875,2156.762455770162,Spot Purchase,1,1,0,214.6078195708492,0.7643991756567186,63971.971480255546,31809.06560832326,355.62435413441284,6045206.265845936
Anthracite,29,2651.174202427009,2760.4174966582887,Variable Quantity,0,0,10,421.05612494117184,0.8110864658599972,60548.314208612195,34203.06978125064,215.34965193364278,7889277.096776708
Lignite,26,3819.7021987558123,2719.663610997389,Long Term,0,0,0,498.8951599614411,0.8020321859580318,51527.38103838118,45636.421796065406,269.85756706282825,11419080.617063677
Bituminous,21,3393.1442330726186,2626.877854696918,Spot Purchase,1,0,11,112.01040213175713,0.6807799809387548,40258.574311588425,30200.131581796762,347.60051882962483,10092834.139530811
Anthracite,17,2838.7260510445244,2260.8394084655956,Variable Quantity,0,0,6,458.94634631637274,0.6798498939482948,59849.56887603256,46089.49054436514,293.07058512341143,7249850.830824069
Anthracite,5,1303.7336414784884,2596.9994433029533,Long Term,0,0,10,349.05221343946323,0.7036348735489827,51425.03954248972,22644.032929300745,254.52907932835825,3717633.664589894
Sub-bituminous,6,1311.0613763158283,2692.9709499708433,Fixed Quantity,1,1,2,489.35304766592844,0.7222149452682074,69384.3320284214,43303.95311625893,351.2398525755315,3991147.2045819624
Anthracite,13,1009.3575625031131,2591.3737769909467,Spot Purchase,0,0,9,286.00380701057105,0.7316911162816965,40957.85061081934,45426.42899164209,296.8429380343551,2915243.383458687
Anthracite,7,4870.797552828346,2388.838905502403,Fixed Quantity,0,1,1,438.9551722285495,0.7859394433666691,63393.11245223164,25454.529585120163,277.4322929520244,12986867.228608526
Sub-bituminous,5,1021.0152742335397,1529.3341140925277,Long Term,0,0,8,124.9576274393109,0.6613360864331671,77658.96950024262,32910.39597116601,339.19562523211425,1907797.4042100736
Lignite,25,1412.3749840549794,2674.123415402302,Spot Purchase,0,1,2,234.1116200313183,0.6569345408452133,46976.37068445998,24964.99323990967,239.98527742465194,4115814.218565946
Anthracite,20,2258.3862272376437,1836.8887702854393,Long Term,0,1,1,126.80661510048398,0.7283821125887818,58865.979630023816,41198.12386982654,478.3237199226222,5228644.001014453
Sub-bituminous,27,4229.721007267045,2785.1519378943794,Fixed Quantity,0,0,11,490.13725339162824,0.7894327384275961,43656.87967268553,36060.433041849705,460.3106293757717,13727401.199081395
Bituminous,10,4848.39514305647,3018.688655845732,Spot Purchase,0,0,7,426.7895629087347,0.6886870685912965,65027.2764904541,39059.70040124963,412.2861757221606,16634721.709322762
Lignite,21,4160.054235167425,2500.890618261483,Fixed Quantity,0,1,9,441.0189684983882,0.7783008962512503,62021.26722384902,25894.609008686333,231.86414827653687,11368408.040210458
Bituminous,9,3762.2409297825625,2584.7273299594767,Long Term,0,0,5,475.1860925735577,0.7019656275880599,56294.62096851329,26352.375861572586,432.7631763409079,11352526.288033614
Bituminous,9,3085.2026696542775,3402.9571193319825,Long Term,0,1,5,134.04139444791414,0.8272172217627033,60855.080858949645,21244.919765297192,442.3871984327057,11863666.554907523
Sub-bituminous,10,1346.8208474487344,3194.3347227451486,Fixed Quantity,0,0,9,254.23903700533336,0.8291379888533232,75862.98633876041,29662.02605587189,430.3293853143013,4881773.18573364
Anthracite,7,4832.6831720157215,3328.47303190294,Spot Purchase,0,0,10,128.41395561760083,0.7094574408562653,47851.77209244268,36792.339840010245,234.18976613577235,17217220.551648133
Sub-bituminous,25,4033.569655782726,3127.532576639173,Fixed Quantity,1,1,6,184.31724062001143,0.6959987507926482,40902.58046821389,45738.047419919865,393.1723871203294,14201008.70878395
Sub-bituminous,27,3555.7975413370473,1717.8366836934629,Long Term,0,1,6,191.74631081506894,0.7322607944132462,74466.59538796404,40007.82342376042,450.2974387248196,7709445.9817838855
Sub-bituminous,9,4036.143382155399,1797.9837119403894,Fixed Quantity,1,0,10,287.6428844190315,0.6981063170360298,63084.68329551626,33061.88970199254,373.2060203659003,8763233.069451785
Sub-bituminous,25,3896.4133170925543,2553.247594537919,Long Term,0,1,12,207.42486698145703,0.7844767686583407,75626.3382184737,48593.60343182413,393.9222125684267,11483391.684142262
Lignite,9,3548.9263191579475,1992.1393175959965,Fixed Quantity,0,0,14,140.39124272710444,0.8152129369096571,63877.808936526904,41577.35601727496,337.50904382789184,8267750.384240423
Anthracite,14,4922.307200719953,2453.3909500823183,Spot Purchase,0,0,5,166.9964356376431,0.7846184261822434,72406.4435983881,47904.9560858765,358.6121959652158,13841543.334236939
Bituminous,14,4613.4552505441,2288.7306476367003,Spot Purchase,1,0,3,158.91022542083635,0.8148700894498699,57186.93453420592,35827.63919816497,210.31305750551758,11529226.302827545
Bituminous,23,3586.6596764686537,2598.8284768609064,Fixed Quantity,0,0,10,489.2307191649193,0.7293984324414948,69994.39725153075,27767.128243794188,391.6889065919854,10725968.111009033
Anthracite,21,3772.700845827699,2993.751432271645,Fixed Quantity,0,1,8,403.71700276738943,0.6812633941417722,76521.65867559424,21584.80059094166,224.43416386734776,12141251.520584097
Bituminous,25,1206.38322663484,2930.981814198549,Spot Purchase,0,0,5,487.1045861078248,0.7975901894795184,62884.91854888825,41782.54554451551,330.50437830206704,3934602.2365338714
Anthracite,18,3679.669858200157,2542.4682649706688,Long Term,0,0,3,275.8961946031634,0.7220949010283108,47231.40602249518,23639.089940166024,287.79652930022235,10414440.054203665
Bituminous,13,1176.6617508404006,3144.786837634116,Spot Purchase,0,0,11,211.34739266506264,0.7842541650458265,50751.90460120793,29083.253848159016,363.6283850635139,4128217.9986145077
Sub-bituminous,18,3353.055027879724,2361.7241830760668,Long Term,1,0,2,419.31727888367465,0.7041287883963532,47945.78307589623,35974.12723651692,240.02490065696213,8723807.846492497
Bituminous,5,4997.41399826334,3293.4285796802446,Fixed Quantity,0,0,3,230.5015672164587,0.6662459269613346,49874.281103829315,36932.49763339243,407.49302059199545,18495037.411675654
Anthracite,23,3223.2263257487184,1642.5605401103278,Fixed Quantity,0,1,2,219.7533494821393,0.8485163590975526,52256.61797404145,38017.49590961408,438.50346107854114,6707740.274199925
Anthracite,17,2892.8404723253334,3409.320060066615,Long Term,0,0,14,193.00239688313246,0.6812403015861199,62205.35147012754,24987.65991049102,249.00633492294696,10582954.656401837
Anthracite,17,2251.4194260223503,2809.3861628626964,Fixed Quantity,0,1,1,151.87159128969415,0.8476841987926962,63519.66517855331,31392.12214464946,231.29392620556465,6845846.220847653
Anthracite,8,1482.0903151458579,2260.1490178744107,Long Term,0,1,13,202.5852244067064,0.8454559865132895,57059.98988967444,38515.826813509004,243.65464483620775,3710863.159530134
Anthracite,5,3924.0946858331263,1894.3082531457546,Variable Quantity,0,0,4,242.12789938955507,0.8087636207816079,64616.831192833415,49094.56593901354,463.1382685695505,9250843.367998816
Lignite,21,1770.3961111425217,2458.3664588871998,Spot Purchase,0,1,1,369.59768325829214,0.7818845924163995,43262.997024454635,41828.93413099066,358.4567785269069,4986892.905293822
Lignite,12,1461.1280849891375,1889.116646370602,Variable Quantity,1,1,5,125.02593688778063,0.7655614100502169,43511.5294823264,47678.112712818736,340.17829880225077,3257285.4541163747
Bituminous,6,2687.05063892205,1832.6632154862843,Long Term,0,0,2,184.2027758661372,0.823220309075567,46873.17841430634,42866.36174942531,232.01354573070628,5547891.010395624
Anthracite,12,4181.36735183639,2734.7035148259483,Spot Purchase,0,0,5,423.6094561166706,0.7078879043238976,60723.099921613786,37751.509066772014,394.8668020270885,13085883.148165556
Bituminous,11,3980.2581924808815,2546.1694491635694,Long Term,0,0,14,158.7687694335083,0.7435362424969754,48559.78714793254,25760.701074090335,460.39987756852696,11966922.193987153
Anthracite,6,1219.5304585858996,2840.1920692218837,Spot Purchase,1,0,10,237.0580586090086,0.7738779938733004,51331.37613970309,40000.56955677539,448.45576079703585,4010606.1962704966
Anthracite,26,2820.5747401446242,3359.2117548439783,Spot Purchase,0,1,9,445.86356874325605,0.7322380951738983,56012.513446919766,38701.38697879721,387.8164126942404,10568772.999968698
Lignite,26,3089.738304284676,2564.52042667808,Spot Purchase,0,0,8,161.97012445737707,0.7354972908180536,72474.6449604152,38074.07511371799,222.5836149955021,8611422.1155855
Lignite,7,3578.1866025032887,2661.864106525595,Spot Purchase,1,1,0,133.09473424727597,0.7160569335004169,40554.485436514406,34693.576039647225,233.7191081528039,10360937.065195652
Sub-bituminous,22,3600.669401772913,1679.2526783098842,Long Term,0,0,5,293.81519803200433,0.7628463633369073,65975.1528094649,35859.69811967827,214.7926961329474,6819831.225325823
Lignite,16,2458.7889978292233,2935.271571817259,Spot Purchase,0,0,8,220.96780451141456,0.8201149056030232,66755.06124162741,30033.27581354312,277.2437649477408,7898897.365395423
Sub-bituminous,5,3242.708776014056,2299.8104136083125,Spot Purchase,0,1,10,325.3633457935416,0.6903056756012625,71946.23121426546,35579.38077926909,240.69844014811332,8238130.355617372
Sub-bituminous,26,2924.2475353763457,3453.450477325158,Variable Quantity,1,0,3,421.52195619339005,0.8368866077506882,77310.11756241253,25926.67717035435,278.01441207573015,10911727.006173914
Sub-bituminous,16,4539.993426093124,3146.348031191321,Fixed Quantity,0,0,10,154.85939526109726,0.7878175307496459,40805.51395797159,44155.231920811304,315.5174167156885,15716846.37551675
Sub-bituminous,9,3121.0605305396007,2544.9620810322367,Fixed Quantity,0,0,11,332.279633821714,0.8146546425360061,46151.34822052865,25573.308640961233,482.8948352213407,9450124.713440388
Sub-bituminous,29,2764.1286469926463,1746.445308344332,Variable Quantity,0,0,1,302.20350415594555,0.7612381385260023,75446.85176223972,22548.98869668399,383.11281793450763,5886372.622283324
Bituminous,21,2617.941798727403,3218.8315865611785,Variable Quantity,0,0,12,157.63151440527983,0.8059033402848127,58340.74248748062,33087.38079071472,450.4921357048887,9606075.945582356
Lignite,20,3289.7110377338627,3099.5621908480434,Long Term,0,0,3,349.599394211593,0.6532400794678934,62583.62555733854,39749.22318518185,413.10545021369967,11555661.510691386
Sub-bituminous,19,4215.90791760359,1869.170259074066,Long Term,0,0,0,209.45616714430867,0.813676084955907,66521.08814892589,33131.50474800624,233.75093915798954,8865722.129722953
Anthracite,27,3153.60596152315,2090.55657844062,Long Term,0,1,2,295.133727417605,0.6580277718170733,67162.6641798255,28302.623958539258,420.77612191218464,7919753.775200636
Lignite,19,3646.620700322166,3086.8145162956744,Variable Quantity,0,0,9,132.90892971082474,0.8279826752725725,77269.61613266033,36745.13551671322,282.52966446773735,12286720.236081887
Lignite,9,3951.4230676261,1870.4568930948194,Variable Quantity,0,0,8,283.83362288544924,0.8483925494477287,79877.9766964668,30410.070062365998,391.7323540984119,8938866.774695057
Sub-bituminous,25,3080.6724395149276,3335.504978342755,Spot Purchase,0,0,9,222.58538721712813,0.7088134924353555,68806.29843723761,47986.03070379899,302.2885920928966,11206850.393085716
Bituminous,18,2707.2682266194574,2349.054850392724,Long Term,1,1,4,428.9524844741417,0.6920637112571587,51488.84836820603,47679.35418810716,499.30167897939776,7711265.130053217
Sub-bituminous,6,4506.661511449798,1674.0779251753172,Long Term,0,0,14,122.79149079894731,0.8030726727716081,75190.09609177374,35071.154599162866,279.06544384903333,8802156.04752543
Bituminous,15,2670.0243361115686,3131.4972870085617,Long Term,1,0,10,267.44290996733196,0.7006052681840507,41968.836581630465,29836.519820547757,283.7391412322809,9118764.3769778
Anthracite,23,2847.7714023023505,2247.0193660767754,Fixed Quantity,1,0,5,283.3725696525752,0.8231124766344406,49243.234114979845,42113.97241869917,479.2016766687195,7763654.321885514
Lignite,11,4961.365253367108,2552.998388307562,Spot Purchase,0,0,2,390.0024305196475,0.6705685184314953,75895.4286985486,21101.388304492,207.3933213908968,13695311.51418056
Anthracite,10,1000.9500943035383,1724.6086888224384,Long Term,0,1,4,329.7150300360844,0.6751910392758717,50247.6605775742,34243.07018130954,409.00669636195903,2135642.521007803
Bituminous,6,1741.89163830689,1505.1680296899647,Long Term,0,1,10,366.88493487767244,0.8458303110201231,48826.04238486994,30089.701828110006,417.5979172207634,3349249.9253450264
Bituminous,10,2535.855559678903,2775.970411586595,Long Term,0,0,7,410.8197142607024,0.7847677796540009,45525.01172560989,47616.07655307664,450.9135732231198,8182911.693318528
Anthracite,22,4730.359637701012,2530.350340667463,Fixed Quantity,0,0,5,444.8811894632755,0.8193774448857906,74364.47030587666,20360.090818180477,492.3317931915426,14298373.563606607
Bituminous,6,1280.1188229898842,2687.0771382462945,Fixed Quantity,0,0,3,225.5501986889882,0.7148658754703037,60002.33036764347,36584.44627155048,492.6805757469957,4070467.7022300954
Anthracite,22,1037.9417345139923,3087.4877007610326,Variable Quantity,0,1,1,315.2090821455612,0.7852967499041209,66995.72812216618,42219.907431998785,219.58302726993918,3432546.727612918
Lignite,19,1210.7353439089143,2793.21182684572,Spot Purchase,1,1,13,436.04323137567997,0.7688483654617194,49562.65536300119,34550.53962572124,446.5517968258707,3922496.325089614
Anthracite,23,1354.1736424544727,1849.5468856547543,Variable Quantity,0,0,8,495.7804523860226,0.7706300240245894,70321.61684044867,22562.09090488165,393.8929800972144,3038007.1346329167
Lignite,6,1150.3870928250435,2221.5450382212,Spot Purchase,1,1,12,455.80772441750526,0.7865064919075443,70400.22179848394,49173.84170083707,394.2026403119273,3009122.367471581
Anthracite,24,2919.1253074260194,3311.782209575521,Fixed Quantity,0,1,11,248.58690504975073,0.7650718346258197,52503.920996332,35540.31294128294,238.50497798440844,10363733.177836537
Bituminous,29,3323.028828909311,3039.889400503358,Long Term,1,0,0,178.06660688746018,0.7358124738605332,56427.30532041131,38425.58732957034,395.056149933696,11414423.089836093
Anthracite,10,2086.7478842760165,2613.2741158734343,Variable Quantity,0,0,0,295.7570149626355,0.7051845388761093,48387.611097208035,27098.29348122522,494.74477418037435,6485651.8431096785
Bituminous,5,2593.149535902542,2011.2899956185447,Long Term,0,0,12,396.6565807344169,0.8037162661826404,79062.44093291617,34504.94255320411,473.5455708618341,6443550.196012725
Anthracite,28,1366.7973404457205,2104.12100366959,Variable Quantity,0,1,3,297.02762830131906,0.6952544860006372,65824.10308233646,32874.484758749655,331.73919824145514,3329327.2456695926
Anthracite,19,2345.4818553136884,2963.916135171269,Fixed Quantity,0,1,6,293.2723453254674,0.7884708612308828,77381.75522862062,22246.87526005951,211.9843919858283,7449017.0607281495
Sub-bituminous,27,3090.076766538092,3202.3485217055413,Fixed Quantity,0,1,0,435.29216843272025,0.6966665645298653,52135.421745165324,23184.810606424016,308.68804700006143,10849372.527422808
Bituminous,14,3929.0872287385805,2842.849339061229,Fixed Quantity,1,1,8,244.56151162687453,0.7750660339908908,71275.63651987558,45124.17558856324,447.91709348016656,12929708.362860017
Sub-bituminous,23,1013.3854481719169,3119.0599515368835,Variable Quantity,0,0,3,443.91786992465825,0.7994156534258058,70634.34575538969,27194.598566197707,410.4497304395498,3576753.7508968078
Bituminous,21,2869.2430661506105,3033.312270400812,Spot Purchase,0,1,2,262.7219203806894,0.6937427777813079,67666.22607466167,25848.748144958918,337.80309667818693,9672549.392185189
Sub-bituminous,9,2188.011505819529,1799.4079359139155,Variable Quantity,0,1,0,231.29324227133577,0.6619886601722617,78625.55901067202,35147.34353750417,216.53046054764934,4410896.406481275
Lignite,8,4411.287286767605,2347.889625826604,Spot Purchase,1,0,9,281.5959644798796,0.6761947485988349,55742.21344425262,43062.41394087538,328.0684183469908,11804419.700186484
Anthracite,14,3862.213260936968,1805.9676016571252,Variable Quantity,0,0,3,404.97878346994736,0.7711993934542051,45228.69294359029,21858.395557369637,340.70748191536507,8290916.9746966455
Bituminous,28,3356.4341378835793,1970.4711696039697,Variable Quantity,0,1,8,150.40081114559771,0.819889281245147,66868.35436976243,37304.23758914768,478.5666598682408,8220034.175808831
Bituminous,21,2109.0625827870945,3238.519249302105,Fixed Quantity,0,0,12,178.56768634880694,0.6589993642470849,69172.39201908825,23576.313285217202,392.3258310746478,7657679.50291921
Anthracite,14,4641.356408230137,2445.7839312663646,Long Term,0,1,13,480.5779302652368,0.7968302518083292,63002.42293835258,21093.831524768553,293.49587499639466,12713973.882733067
Bituminous,21,1180.4027088812927,2570.7162036853215,Long Term,0,0,9,170.19665095254294,0.7182637291900105,48272.71572533585,21582.31856486652,357.5954793352164,3456587.0430861805
Bituminous,24,1437.8703947164606,1856.8919304555443,Spot Purchase,1,0,5,327.09092717242186,0.7457056739839045,60178.237666774214,45024.92324625324,219.816592346648,2986037.7033926263
Sub-bituminous,28,2566.520562161424,2124.543572097592,Long Term,0,1,5,331.7257866647751,0.8357719099691131,52487.58946276517,23539.174508841847,491.7704706949211,6714823.787898669
Bituminous,9,1497.7502291874255,1960.49233685574,Variable Quantity,1,0,0,295.8497848200979,0.7163943009471692,57098.66112666756,21354.54093236876,308.01797057921783,3397661.8328747447
Lignite,6,4825.6627902377,1912.3723290368528,Variable Quantity,0,0,9,357.8980994307274,0.7430673867878972,65808.74303378655,33136.99661428737,343.3602064739407,10885404.561342977
Lignite,10,4191.957288573533,2775.92158663194,Fixed Quantity,0,0,1,191.93069031904736,0.6527364829521363,69808.58970763338,45319.80415826074,306.5851922710768,12921736.758899827
Anthracite,25,2035.9306064072546,2013.7676952914296,Fixed Quantity,1,1,10,321.0649071106993,0.6663197440009677,49288.987636053724,27872.25129467906,404.75351903486,4923941.362492133
Bituminous,6,3354.2169158929814,2764.030972040837,Long Term,0,0,5,248.86930209875885,0.7017183182269568,56213.01442587814,32651.37852577749,398.6696474988779,10608383.917965325
Anthracite,17,4929.322060320326,1616.9092282171077,Spot Purchase,1,1,1,364.6669038516756,0.655570448164215,50766.46283966517,21197.67597691254,414.59669315874066,10013946.95390934
